Ticker,Close,MA3,MA5,MA10,MA20,MA50,MA100,Range_Ticks,Vol_Pct,Volume,MA_Tight,Signal
AALI.JK,8200.0,8075.0,8010.0,7940.0,7572.5,6804.5,7024.9278515625,55.82,1.7757571723051622,502200,False,False
ABBA.JK,30.0,30.0,30.0,30.0,30.0,30.26,34.36,0.26000000000000156,0.0,0,True,False
ABDA.JK,4000.0,3936.6666666666665,3886.0,3848.0,3789.5,3547.0,3350.0,45.3,1.5769888594015773,4100,False,False
ABMM.JK,2760.0,2736.6666666666665,2716.0,2711.0,2681.0,2512.4,2591.19998046875,24.75999999999999,1.0076981347633696,274000,False,False
ACES.JK,354.0,356.6666666666667,356.4,358.2,357.4,349.08,339.7099151611328,4.560000000000002,1.2357369847288227,15696500,True,True
ACST.JK,88.0,86.66666666666667,86.4,85.7,85.75,81.9,84.86,6.099999999999994,1.80485059163705,215800,False,False
ADCP.JK,50.0,50.0,50.0,50.0,50.0,50.0,50.32,0.0,0.0,0,True,False
ADHI.JK,133.0,133.0,133.0,135.0,140.95,151.7,165.87,18.69999999999999,1.178578667989766,0,False,False
ADMF.JK,8725.0,8725.0,8715.0,8687.5,8695.0,8361.5,8380.984604492187,14.54,0.42960817934966955,57400,False,False
ADMG.JK,248.0,248.66666666666666,251.2,254.4,248.7,224.88,214.27,14.760000000000005,1.1301491996440494,267800,False,False
ADMR.JK,1730.0,1730.0,1719.0,1695.0,1645.75,1536.8,1607.3489111328124,38.64000000000001,1.781239401559871,10911200,False,False
ADRO.JK,2800.0,2770.0,2724.0,2649.0,2582.5,2472.2,2417.7708056640627,32.780000000000015,2.5364512836968,24337400,False,False
AGII.JK,3010.0,2953.3333333333335,2898.0,2886.0,2915.5,2876.3716015625,2898.5678784179686,13.362839843749999,2.562596475401015,107700,False,False
AGRO.JK,152.0,148.33333333333334,147.0,149.1,148.6,146.24,158.8,5.759999999999991,1.9270727564007324,7823600,True,False
AGRS.JK,62.0,61.333333333333336,60.8,61.0,61.0,60.92,63.71,1.2000000000000028,1.294885358319869,1187100,True,False
AHAP.JK,99.0,97.66666666666667,96.4,100.0,97.1,93.2,96.76,6.799999999999997,4.110447633786663,7286400,False,False
AIMS.JK,505.0,428.3333333333333,408.2,397.3,395.05,397.26,407.09,21.99,8.207130871431344,4148100,False,False
AISA.JK,120.0,118.66666666666667,117.4,119.2,118.9,110.92,113.39,9.079999999999998,2.8743267004126607,5737200,False,False
AKKU.JK,38.0,38.0,38.0,38.0,38.0,38.0,38.0,0.0,0.0,0,True,False
AKPI.JK,520.0,513.3333333333334,506.8,507.4,506.95,495.2,501.852587890625,4.960000000000003,1.6949982369786256,244000,True,False
AKRA.JK,1405.0,1408.3333333333333,1395.0,1394.5,1406.5,1341.18806640625,1332.0409155273437,13.429053385416637,2.7644780285777077,14356900,False,False
AKSI.JK,254.0,248.66666666666666,244.4,237.6,234.3,224.8,245.98,14.599999999999994,1.5991478213592814,608100,False,False
ALDO.JK,925.0,928.3333333333334,926.0,923.5,885.75,793.8090612792969,721.3192840576172,26.904854410807296,1.3390797078159717,13000,False,False
ALII.JK,795.0,786.6666666666666,784.0,797.0,793.5,758.4774670410156,804.3894714355469,7.704506591796871,2.664943185737192,275400,False,False
ALKA.JK,4580.0,4580.0,4580.0,4239.0,3220.75,1794.2,1199.37,278.58000000000004,9.372369920308184,0,False,False
ALMI.JK,74.0,74.0,74.0,74.0,74.0,74.0,74.0,0.0,0.0,0,True,False
ALTO.JK,18.0,18.0,18.0,18.0,18.0,18.0,18.0,0.0,0.0,0,True,False
AMAG.JK,390.0,390.0,390.0,389.4,389.3,390.16,394.7395523071289,0.4300000000000068,0.242369605236339,5400,True,False
AMAN.JK,228.0,227.33333333333334,226.0,231.4,238.6,252.48,259.9,13.239999999999995,2.054261402850751,201400,False,False
AMAR.JK,232.0,233.33333333333334,231.2,229.8,223.64026794433593,209.3158624267578,197.89976165771483,12.00873545328777,1.6308332241369972,64600,False,False
AMFG.JK,3330.0,3330.0,3330.0,3330.0,3334.5,3172.265810546875,3121.551496582031,16.223418945312506,0.0,9500,False,False
AMOR.JK,356.0,356.0,356.4,356.8,357.7,342.24,343.8,7.72999999999999,0.7236461497028587,19700,False,False
AMRT.JK,1355.0,1343.3333333333333,1357.0,1377.0,1377.75,1380.6,1370.7508276367187,7.4533333333333305,2.5322982272588392,15466300,False,False
ANDI.JK,16.0,16.333333333333332,16.6,16.7,17.25,17.4,19.53,1.3999999999999986,3.7546383307056135,2308000,True,False
ANJT.JK,1600.0,1601.6666666666667,1597.0,1575.5,1536.0,1491.6,1572.45,22.013333333333367,2.0034421596917253,41000,False,False
ANTM.JK,3100.0,3120.0,3140.0,3133.0,3089.5,2971.2,3079.574521484375,16.880000000000017,1.6901277402187862,31998000,False,False
APEX.JK,202.0,193.66666666666666,189.4,188.8,180.2,152.44,159.47,24.78,4.331883457217662,81970200,False,False
APII.JK,189.0,190.66666666666666,190.8,189.8,189.7,184.71999969482422,183.32582397460936,6.080000305175787,1.2172411400170569,29300,False,False
APLN.JK,137.0,135.33333333333334,134.8,138.6,132.75,126.68,144.01,11.919999999999987,4.401932848997567,23917600,False,False
ARCI.JK,1325.0,1353.3333333333333,1376.0,1370.5,1279.0,1120.8,1224.2430053710937,51.040000000000006,4.359312416909519,17027500,False,False
ARGO.JK,1165.0,1148.3333333333333,1143.0,1146.5,1162.5,1079.4,998.9,17.119999999999983,1.129319015858249,138300,False,False
ARII.JK,290.0,291.3333333333333,293.6,290.2,284.2,278.96,280.26,7.320000000000022,1.3612447345278145,145300,False,False
ARKO.JK,4930.0,4963.333333333333,4998.0,5146.5,5014.0,4980.2,6237.7,21.65,4.9331226677819835,1927100,False,False
ARNA.JK,496.0,494.6666666666667,492.8,492.0,495.4,475.24,471.00715576171876,10.379999999999995,0.7015235600318469,557600,False,False
ARTA.JK,2300.0,2286.6666666666665,2294.0,2284.0,2348.0,2438.8,2472.95,15.480000000000018,1.9763597751128053,400,False,False
ARTI.JK,2.0,2.0,2.0,2.0,2.0,2.0,2.0,0.0,0.0,0,True,False
ASBI.JK,396.0,395.3333333333333,405.6,409.2,415.1,417.04,411.42734375,10.853333333333353,2.2261749921490286,61700,False,False
ASDM.JK,520.0,513.3333333333334,512.0,511.5,512.25,510.3403875732422,511.3571401977539,1.9319224853515606,1.291544607105387,2200,True,False
ASGR.JK,2280.0,2200.0,2115.0,1961.5,1873.0,1788.8,1668.3525390625,49.120000000000005,4.0769046020540864,944900,False,False
ASII.JK,4850.0,4816.666666666667,4804.0,4790.0,4880.5,4876.0,5191.942211914063,9.05,0.6917984692275336,27616600,False,False
ASJT.JK,162.0,161.66666666666666,161.8,160.8,157.45,158.42,167.08017379760742,4.550000000000011,2.3482832507592506,83500,True,False
ASMI.JK,16.0,15.666666666666666,15.6,15.9,16.2,16.26,16.9,0.6600000000000019,5.5084683921289415,2551400,False,False
ASPI.JK,396.0,394.0,394.0,389.2,402.0,407.06,407.83,8.930000000000007,1.7095178242557896,91800,False,False
ASRM.JK,278.0,276.6666666666667,278.4,274.2,270.9,259.48,265.40443328857424,9.45999999999998,1.52679254614776,73900,False,False
ATAP.JK,560.0,555.0,551.0,581.0,586.5,533.96,490.74,10.507999999999992,4.343986411606822,509300,False,False
AUTO.JK,3450.0,3426.6666666666665,3348.0,3167.0,2986.0,2706.4,2617.5647265625,74.35999999999999,1.8344009637583714,3829000,False,False
BABP.JK,50.0,50.0,50.0,50.0,50.0,50.0,50.59,0.0,0.0,78200,True,False
BACA.JK,121.0,119.66666666666667,118.2,117.6,117.25,111.8,119.83,9.200000000000003,1.2879831563808568,1923700,False,False
BALI.JK,1440.0,1366.6666666666667,1316.0,1292.5,1253.75,1248.6,1253.2,38.280000000000015,4.233678573526092,30800,False,False
BAPA.JK,164.0,165.33333333333334,156.6,150.7,153.9,218.26,219.71,67.56,7.236785614219869,21462200,False,False
BATA.JK,59.0,59.0,59.0,59.0,59.0,59.12,61.21,0.11999999999999744,0.0,0,True,False
BAYU.JK,1320.0,1336.6666666666667,1319.0,1287.5,1231.75,1176.0,1185.4870288085938,32.13333333333335,1.940854105003089,173700,False,False
BBCA.JK,6550.0,6491.666666666667,6435.15439453125,6390.279931640625,6369.087841796875,6236.835869140625,6136.968110351562,12.526565234375012,0.8944481419130654,47582600,False,False
BBHI.JK,880.0,895.0,896.0,900.5,904.5,914.3254418945312,995.7110858154297,6.865088378906239,0.8380160707973644,167400,False,False
BBKP.JK,56.0,55.0,54.4,54.9,54.9,53.3,56.09,2.700000000000003,1.8144920847128814,89031200,True,False
BBLD.JK,720.0,696.6666666666666,692.0,679.0,644.25,594.4,620.0501806640625,25.120000000000005,5.246304095557732,25000,False,False
BBMD.JK,2020.0,2006.6666666666667,1996.0,1985.0,1998.0,1969.1,1946.1601403808593,5.090000000000009,1.4957771571184582,1400,True,False
BBNI.JK,3880.0,3840.0,3782.0,3706.0,3657.0,3519.6,3622.2,36.040000000000006,1.6321215543458636,13489800,False,False
BBRI.JK,3320.0,3253.3333333333335,3208.0,3175.0,3128.0,2974.8,3019.7573315429686,34.51999999999998,1.655990000527249,184725400,False,False
BBSI.JK,4690.0,4683.333333333333,4680.0,4675.0,4670.0,4687.4,4635.5,2.0,0.3409202632471814,900,True,False
BBTN.JK,1235.0,1236.6666666666667,1227.0,1219.0,1219.5,1198.6,1253.55,7.613333333333367,1.0283230050021257,13292100,False,False
BCAP.JK,50.0,50.0,50.0,50.0,50.0,50.04,50.71,0.03999999999999915,0.0,44500,True,False
BCIC.JK,137.0,136.33333333333334,133.0,131.5,129.7,126.84,123.6,10.159999999999997,2.054486623634037,880000,False,False
BCIP.JK,62.0,62.333333333333336,62.4,63.3,63.1,61.34,64.75,1.9599999999999937,1.8243098571998013,2624200,True,False
BDMN.JK,4400.0,4326.666666666667,4298.0,4296.0,4284.0,4139.2,4040.1670556640624,26.08000000000002,1.6871122582764873,2500600,False,False
BEKS.JK,23.0,23.0,23.0,23.1,22.85,21.62,23.19,1.4800000000000004,3.192974232430542,18606100,True,False
BELL.JK,114.0,113.66666666666667,114.0,114.6,115.3,110.72,120.41,4.579999999999998,1.629791464043378,4186800,True,False
BFIN.JK,940.0,930.0,910.0,902.0,905.75,827.9,770.530855102539,22.420000000000005,2.307112228037268,11755000,False,False
BGTG.JK,122.0,118.66666666666667,115.2,112.7,112.1,110.54,113.33,11.459999999999994,2.94437136334383,11456400,False,False
BHIT.JK,25.0,25.333333333333332,25.0,25.3,25.65,25.98,28.48,0.9800000000000004,3.4737573200949154,3618200,True,False
BIKA.JK,55.0,55.0,55.0,55.0,55.0,55.0,55.0,0.0,0.0,0,True,False
BIMA.JK,82.0,82.0,82.0,82.0,82.0,82.0,82.0,0.0,0.0,0,True,False
BIPI.JK,151.0,148.66666666666666,146.8,148.7,149.95,142.26,177.01,8.740000000000009,4.517376391242819,329909900,False,False
BIPP.JK,67.0,67.0,66.8,67.5,67.75,63.88,67.15,3.8699999999999974,6.295403786326238,29280600,False,False
BIRD.JK,1630.0,1630.0,1627.0,1637.5,1627.75,1590.339404296875,1507.2967150878906,9.432119140624991,0.6434626271936674,306800,False,False
BISI.JK,725.0,721.6666666666666,715.0,701.0,693.5,664.7,697.6708520507813,12.059999999999992,1.5553246401667062,171000,False,False
BJBR.JK,790.0,790.0,789.0,789.5,789.25,779.3,774.9868603515625,2.140000000000009,0.5957941312571677,1137300,True,True
BJTM.JK,525.0,523.3333333333334,522.0,520.0,518.0,515.8,518.9102099609376,1.8400000000000092,0.4073942142923887,3999000,True,True
BKDP.JK,151.0,147.33333333333334,156.0,162.5,165.75,146.16,123.62,19.590000000000003,5.424092989726493,10262100,False,False
BKSL.JK,76.0,74.33333333333333,74.0,75.7,74.2,68.32,80.19,7.680000000000007,3.1357923428960857,251818200,False,False
BLTA.JK,34.0,33.333333333333336,32.6,32.7,32.8,32.86,35.85,1.3999999999999986,3.0526334100426307,4485200,True,False
BLTZ.JK,2000.0,2000.0,2000.0,2109.0,2287.0,2545.6,2645.6,109.11999999999998,3.0025139336225974,100,False,False
BLUE.JK,2750.0,2743.3333333333335,2746.0,2650.0,2538.0,2754.6,2988.2893872070313,21.65999999999999,5.181344047670217,124600,False,False
BMRI.JK,4300.0,4260.0,4230.0,4201.0,4191.5,4155.8,4171.338325195313,14.419999999999982,0.9808447661159893,77135500,False,False
BMSR.JK,310.0,310.6666666666667,311.2,310.6,307.8,303.64,308.62,3.780000000000001,1.4095018598095432,99300,True,False
BMTR.JK,114.0,113.66666666666667,113.6,114.9,114.85,115.34,130.08,1.740000000000009,1.7934486015133775,48144900,True,False
BNBA.JK,785.0,761.6666666666666,739.0,736.0,736.0,739.8,735.65,9.8,3.302411144818809,832900,False,False
BNGA.JK,1690.0,1690.0,1683.0,1679.0,1663.0,1621.9,1632.2544006347657,13.619999999999981,0.9384536386070131,1950800,False,False
BNII.JK,194.0,194.0,193.0,193.0,193.35,190.48,193.35410629272462,3.5200000000000102,0.5169467692029193,1215900,True,True
BNLI.JK,2170.0,2160.0,2158.0,2158.0,2162.5,2292.8,2721.1691772460936,13.480000000000018,0.7996053783783525,12400,False,False
BOBA.JK,216.0,213.33333333333334,211.6,211.2,212.7,241.84,249.85216598510743,15.320000000000007,1.6438277735892861,311100,False,False
BOGA.JK,1560.0,1573.3333333333333,1578.0,1574.5,1620.0,1559.7,1443.3,12.059999999999992,2.079205414004079,4200,False,False
BOLA.JK,148.0,148.33333333333334,147.8,148.5,151.45,155.0,157.86,7.199999999999989,1.1861859203324265,264400,False,False
BOLT.JK,810.0,796.6666666666666,799.0,796.5,798.0,789.2,812.1388891601563,4.159999999999991,1.7448136983400881,13100,True,False
BOSS.JK,50.0,50.0,50.0,50.0,50.0,50.0,50.0,0.0,0.0,0,True,False
BPFI.JK,242.0,241.33333333333334,241.2,246.6,253.7,251.43801788330077,254.87990310668945,6.25,2.0980881696924554,58000,False,False
BPII.JK,488.0,488.0,493.69199829101564,495.6072265625,468.85850219726564,448.40008361816405,455.7217687988281,23.60357147216797,2.5713079470537448,8900,False,False
BPTR.JK,76.0,75.66666666666667,76.2,76.5,76.0,72.54,76.05,3.9599999999999937,0.9691831997417374,1066100,True,False
BRMS.JK,735.0,745.0,744.0,710.0,658.5,590.56,653.85,30.888000000000012,4.243969948148727,236035400,False,False
BRNA.JK,610.0,598.3333333333334,598.0,619.0,633.25,605.7,624.0,7.05,2.144932911140832,133200,False,False
BRPT.JK,1795.0,1803.3333333333333,1800.0,1833.0,1852.25,1722.9733471679688,1817.4861999511718,25.855330566406245,2.8557760352745203,37441700,False,False
BSDE.JK,655.0,648.3333333333334,643.0,639.0,613.75,585.0,647.75,14.0,2.556533929496666,15169100,False,False
BSSR.JK,4710.0,4660.0,4596.0,4527.0,4427.5,4261.65935546875,3923.691613769531,44.83406445312503,1.4998408785852468,859300,False,False
BTEK.JK,10.0,10.0,10.2,10.3,10.5,10.56,11.54,0.5600000000000005,8.343519944775748,121507300,False,False
BTON.JK,364.0,362.0,361.2,362.6,363.6,356.96,365.18,3.5200000000000102,0.8703972655910192,700,True,False
BTPN.JK,2240.0,2240.0,2232.0,2199.0,2181.5,2178.6,2159.423408203125,6.1400000000000095,1.3663389676845061,5900,False,False
BTPS.JK,990.0,986.6666666666666,982.0,984.5,986.75,993.5,990.3007373046875,2.3,0.5876601934051469,1764800,True,False
BUDI.JK,234.0,235.33333333333334,235.6,227.2,222.3,212.28,210.54,11.659999999999997,2.6259849528969403,123800,False,False
BUKA.JK,115.0,108.33333333333333,108.0,111.3,114.35,108.8,123.16,7.0,3.828883403745463,268075800,False,False
BULL.JK,446.0,440.6666666666667,434.4,443.6,441.6,396.2,415.67,24.900000000000006,4.262302685102359,106109300,False,False
BUMI.JK,204.0,195.33333333333334,192.8,191.0,185.0,165.18,182.95,19.409999999999997,3.6340157038389727,1024117004,False,False
BUVA.JK,775.0,743.3333333333334,734.0,736.5,748.0,806.9,884.55,14.579999999999995,3.236382887337103,114521100,False,False
BVIC.JK,95.0,94.0,93.0,93.0,92.9,88.5,94.08,6.5,1.597773656804222,2085000,False,False
BWPT.JK,107.0,107.33333333333333,104.0,103.5,97.15,85.1,96.14,22.233333333333334,8.378751722341567,93437300,False,False
CAKK.JK,158.0,157.0,153.6,148.7,144.6,139.62,147.36,18.379999999999995,1.8496572984260256,131000,False,False
CAMP.JK,170.0,170.33333333333334,170.2,170.0,170.5,170.58,181.45,0.5800000000000125,0.5859447906785135,415900,True,False
CARS.JK,110.0,108.0,105.6,101.8,96.75,90.38,91.4,19.620000000000005,3.5661317250763056,2303400,False,False
CASA.JK,1805.0,1806.6666666666667,1805.0,1825.5,1819.25,1834.5,1613.95,5.9,3.1147094076552078,3700,True,False
CASH.JK,244.0,246.0,243.2,232.6,226.0,207.1,206.57,19.450000000000003,3.357440958766031,1501000,False,False
CCSI.JK,306.0,277.3333333333333,267.2,261.8,257.6,252.36,254.6,26.819999999999993,4.8763458527826185,1718700,False,False
CEKA.JK,2190.0,2186.6666666666665,2184.0,2194.0,2200.0,2180.4,2177.806640625,1.9599999999999909,0.7556961328156914,23100,True,False
CFIN.JK,356.0,354.0,352.8,354.2,351.9,339.23703735351563,317.1838140869141,8.381481323242184,0.9639676614460496,681100,False,False
CINT.JK,185.0,183.33333333333334,181.4,180.6,178.75,171.66,181.42,13.340000000000003,0.9427559987563842,67600,False,False
CITA.JK,3300.0,3280.0,3260.0,3235.0,3240.5,3173.4,3269.616188964844,12.659999999999991,0.7029495343198611,116400,False,False
CITY.JK,177.0,176.33333333333334,175.8,176.2,175.75,169.86,176.29,7.139999999999986,1.2046767119249684,147700,False,False
CLEO.JK,410.0,407.3333333333333,404.8,399.6,390.7,383.6815740966797,385.6352380371094,13.159212951660152,2.1518445307732557,9482300,False,False
CLPI.JK,1610.0,1601.6666666666667,1597.0,1598.5,1597.75,1543.5790258789064,1492.4825256347656,13.28419482421873,0.44406587391647484,26900,False,False
CMNP.JK,1405.0,1396.6666666666667,1390.0,1380.0,1374.5,1354.2,1409.05,10.159999999999991,0.9403123846045355,23800,False,False
CMNT.JK,750.0,751.6666666666666,750.0,764.0,778.75,785.4,791.8,7.079999999999996,1.471451087679058,13122000,False,False
CMPP.JK,69.0,69.0,69.0,69.0,69.0,69.16,72.98,0.1599999999999966,0.0,0,True,False
CNKO.JK,37.0,37.0,37.0,37.0,37.0,36.94,42.74,0.060000000000002274,0.0,0,True,False
COAL.JK,31.0,31.0,31.0,31.0,29.0,24.8,38.37,6.199999999999999,0.0,0,False,False
COCO.JK,120.0,108.66666666666667,104.8,103.0,103.65,125.89169082641601,213.435845413208,22.89169082641601,5.01853563972587,2162301100,False,False
CPIN.JK,3040.0,3026.6666666666665,3014.0,3011.0,3065.0,3119.6,3507.550290527344,10.85999999999999,1.7967557801425074,50668800,False,False
CPRO.JK,50.0,50.0,50.0,50.1,50.6,50.36,52.34,0.6000000000000014,0.8188380769486945,1456900,True,False
CSAP.JK,294.0,290.0,290.0,289.8,290.1,285.5936535644531,281.3983428955078,4.20317321777344,1.0979618198568146,1032700,True,True
CSIS.JK,218.0,220.66666666666666,218.4,221.4,210.6,181.7492007446289,170.97980125427247,19.825399627685556,3.8699832339561056,1110200,False,False
CSMI.JK,183.0,183.0,174.4,158.2,128.85,95.7,94.08,87.3,12.361824543388947,0,False,False
CTBN.JK,3120.0,3123.3333333333335,3142.0,3385.0,3699.0,4529.9,4945.257963867188,140.98999999999995,4.392257220780297,37400,False,False
CTRA.JK,640.0,636.6666666666666,627.0,625.5,614.75,575.2378930664063,599.7278845214844,12.952421386718743,1.8019393107079402,2935500,False,False
DART.JK,163.0,163.33333333333334,163.2,164.7,158.65,137.22,138.88,27.47999999999999,1.4265512139353753,363600,False,False
DAYA.JK,1140.0,1130.0,1129.0,1074.5,1033.25,1009.5,1029.0,26.1,2.3322341273790723,26700,False,False
DCII.JK,190025.0,197791.66666666666,200155.0,202270.0,201356.25,195235.0,195390.0,489.8,1.5792686969808523,1200,False,False
DEWA.JK,452.0,444.0,440.0,445.2,454.4,401.1530322265625,415.19300033569334,26.62348388671873,3.6940201492413194,392810400,False,False
DFAM.JK,83.0,82.66666666666667,81.8,81.2,81.15,81.74,94.88,1.8499999999999943,2.1858781288255327,3550200,True,False
DGIK.JK,145.0,140.0,137.6,136.3,131.7,128.78,130.12,16.22,3.4145845111709763,6974100,False,False
DILD.JK,126.0,122.66666666666667,121.0,119.3,117.75,115.42,119.27,10.579999999999998,1.6206630908092923,25793000,False,False
DIVA.JK,139.0,138.0,136.6,136.8,136.9,122.92,133.46,16.08,2.8917375122913693,1168600,False,False
DKFT.JK,665.0,666.6666666666666,663.0,664.0,668.25,655.6,692.65,2.5299999999999954,1.4594438029934944,694100,True,False
DLTA.JK,1785.0,1783.3333333333333,1784.0,1785.0,1784.0,1765.357001953125,1767.5294030761718,3.928599609374987,0.18674238887931646,25500,True,False
DMAS.JK,197.0,201.33333333333334,190.0,178.7,163.15,148.1547018432617,139.5191721343994,53.17863149007164,5.633925689889476,641895700,False,False
DMMX.JK,191.0,192.33333333333334,191.8,188.6,188.55,174.89258850097656,182.8369432067871,17.440744832356785,4.391929450324144,944000,False,False
DPNS.JK,310.0,310.0,310.0,310.0,310.0,310.0,310.0,0.0,0.0,0,True,False
DSSA.JK,1125.0,1126.6666666666667,1118.0,1074.0,1007.25,898.8,1178.93,45.57333333333336,3.464569382377934,248746300,False,False
DUTI.JK,4820.0,4816.666666666667,4808.0,4739.0,4516.5,4288.528154296875,3999.76181640625,53.14718457031249,1.735470964193757,1400,False,False
DVLA.JK,1595.0,1585.0,1582.0,1581.5,1581.5,1561.9641381835938,1541.1067883300782,6.607172363281234,0.3668742186304973,53500,False,False
DWGL.JK,242.0,262.0,273.2,293.0,336.5,279.88,272.6,47.25,6.972928944764477,16707800,False,False
DYAN.JK,89.0,88.66666666666667,88.2,89.0,87.05,82.08,81.49,6.920000000000002,2.7143915384430373,4001300,False,False
ECII.JK,159.0,158.0,157.4,156.7,157.75,146.32,153.95,12.680000000000007,1.3105973486124038,877400,False,False
EDGE.JK,4790.0,4790.0,4790.0,4790.0,4790.0,4790.0,4790.0,0.0,0.0,0,True,False
EKAD.JK,408.0,412.0,416.0,370.0,288.9,216.9,191.17722106933593,99.55,8.366425253428341,3741300,False,False
ELSA.JK,725.0,711.6666666666666,701.0,708.0,701.25,649.9,642.9094342041016,15.020000000000005,2.767594973488564,8698700,False,False
ELTY.JK,39.0,38.666666666666664,38.0,38.4,38.05,30.3,33.14,8.7,4.893469252294662,70686100,False,False
EMDE.JK,76.0,75.66666666666667,75.2,75.7,76.6,72.12,71.42,4.47999999999999,1.313513182100686,2760300,True,True
EMTK.JK,525.0,518.3333333333334,513.0,522.5,520.0,519.98,621.3497314453125,2.4,2.8487621444097453,29424600,True,False
ENRG.JK,1340.0,1301.6666666666667,1274.0,1282.0,1236.6208404541017,1251.8483361816407,1413.4241680908203,20.67583190917967,2.519010419387841,56177700,False,False
ERAA.JK,498.0,493.3333333333333,488.8,479.4,467.0,402.96917846679685,380.4070993041992,47.515410766601576,2.2062312054205577,48973000,False,False
ERTX.JK,184.0,183.66666666666666,182.6,183.4,187.85,165.5,173.17,22.349999999999994,1.2241479911284807,180000,False,False
ESSA.JK,700.0,655.0,637.0,633.0,643.25,609.1490344238281,648.9932360839844,18.170193115234383,3.718114732329642,272035600,False,False
EURO.JK,1320.0,1358.3333333333333,1385.0,1508.5,1663.0,1748.8,2042.2673742675781,85.75999999999999,2.1218566304455173,77000,False,False
EXCL.JK,2790.0,2793.3333333333335,2770.0,2799.0,2677.0,2563.8,2742.6,23.519999999999982,2.472575301126436,2091200,False,False
FAST.JK,470.0,471.3333333333333,469.6,475.6,431.8,332.28,304.3,71.66000000000003,7.211586720097,6080600,False,False
FILM.JK,805.0,800.0,800.0,805.0,905.25,1242.6,1774.2,88.51999999999998,5.931397973504523,34232700,False,False
FIRE.JK,115.0,113.33333333333333,112.2,111.3,109.8,106.7,117.27,8.299999999999997,4.872451802244098,6170700,False,False
FISH.JK,605.0,611.6666666666666,611.0,606.0,604.5,609.9,665.1807373046875,1.4333333333333258,1.2248737121147033,5700,True,False
FMII.JK,256.0,254.66666666666666,252.8,253.8,252.2,251.16,245.76,2.4200000000000017,2.747624281710354,7500,True,False
FOOD.JK,176.0,176.0,176.0,176.0,176.0,175.94,177.57,0.060000000000002274,0.0,0,True,False
FORU.JK,2630.0,2366.6666666666665,2207.0,2244.5,2301.25,2754.1,2249.65,54.709999999999994,9.503021938606086,3441300,False,False
FPNI.JK,625.0,621.6666666666666,632.0,575.4,500.8,399.24,407.84,46.552,9.955671233307626,5175100,False,False
GDST.JK,114.0,112.66666666666667,112.2,112.6,114.7,98.3,96.25,16.400000000000006,1.5168530430877174,2004500,False,False
GEMA.JK,87.0,84.33333333333333,83.4,82.7,81.75,80.12,82.20928466796875,6.8799999999999955,1.810260620623655,57944200,False,False
GEMS.JK,7025.0,6991.666666666667,6910.0,6800.0,6676.25,6466.5,7024.5,22.34,1.029024284733009,70300,False,False
GGRM.JK,20475.0,20266.666666666668,19995.0,20160.0,20297.5,18164.825,16485.7625,92.40699999999997,2.7858995190624873,1137000,False,False
GIAA.JK,66.0,65.33333333333333,65.0,68.8,66.35,58.48,60.9,10.32,3.6575897494855063,179152000,False,False
GJTL.JK,1415.0,1405.0,1412.0,1382.5,1345.0,1223.0,1164.5710681152343,38.4,1.7252623287295352,4165900,False,False
GLOB.JK,155.0,155.0,155.0,155.0,155.0,155.0,155.0,0.0,0.0,0,True,False
GOLD.JK,274.0,274.0,275.6,275.2,272.4,262.0,268.28,6.800000000000011,3.077572751722184,29600,False,False
GOOD.JK,316.0,315.3333333333333,311.6,308.8,305.1,304.32,319.25755767822267,5.840000000000003,1.1937050947361065,144800,True,False
GOTO.JK,50.0,50.0,50.0,50.0,50.0,50.0,50.53,0.0,0.0,3836900,True,False
GPRA.JK,112.0,112.0,110.8,110.6,108.7,103.76607833862305,105.7199983215332,8.233921661376954,1.7206737083991674,34130300,False,False
GPSO.JK,294.0,296.6666666666667,298.0,294.4,292.5,315.64,359.0,11.569999999999993,3.2642787977416847,27964100,False,False
GSMF.JK,99.0,99.66666666666667,96.8,95.1,91.15,86.58,95.84,13.086666666666673,4.032868817894123,2582100,False,False
GTBO.JK,170.0,170.0,170.0,170.0,170.0,170.32,187.07,0.3199999999999932,0.0,0,True,False
GWSA.JK,169.0,170.66666666666666,171.0,161.9,149.25,131.82,135.42,39.18000000000001,2.8204737415451575,1289000,False,False
GZCO.JK,184.0,183.33333333333334,178.6,178.6,175.95,158.4,171.58,25.599999999999994,4.254368140553455,10257300,False,False
HADE.JK,17.0,17.0,16.6,16.9,17.75,17.42,17.58,1.1499999999999986,4.315759327902626,465300,False,False
HEAL.JK,705.0,671.6666666666666,663.0,670.5,719.0,801.3,912.4320959472657,27.65999999999999,3.7886426791835155,29865200,False,False
HELI.JK,195.0,196.33333333333334,195.2,196.4,194.4,187.44,186.78,8.960000000000008,1.8373909708529736,918500,False,False
HERO.JK,334.0,332.6666666666667,332.8,334.6,337.8,329.44,365.59,4.180000000000007,1.3256133121867404,178300,True,False
HEXA.JK,4470.0,4470.0,4414.0,4384.0,4421.5,4428.4,4429.9,8.6,0.991934560402758,215900,False,False
HITS.JK,116.0,116.0,116.0,116.0,116.0,116.0,116.0,0.0,0.0,0,True,False
HMSP.JK,735.0,736.6666666666666,738.0,742.0,746.25,711.1,692.0717779541015,7.029999999999996,0.9618467468153338,4007700,False,False
HOKI.JK,57.0,56.333333333333336,55.8,55.8,55.2,54.08,58.39,2.9200000000000017,2.636157753822057,24352600,True,False
HOMI.JK,212.0,211.33333333333334,211.2,214.2,200.5,191.18,204.67,11.509999999999991,4.283055589000526,998600,False,False
HRTA.JK,2240.0,2260.0,2292.0,2290.0,2182.25,1989.6,2219.78685546875,30.24000000000001,3.561010692378413,4372200,False,False
HRUM.JK,935.0,926.6666666666666,916.0,909.5,879.75,820.7,851.45,22.859999999999992,2.483513326665642,5797700,False,False
IATA.JK,127.0,121.66666666666667,118.0,118.2,115.45,83.4,78.69,43.599999999999994,7.567204387305451,1803031500,False,False
IBFN.JK,63.0,63.0,63.0,63.0,63.0,63.48,68.6,0.4799999999999969,0.0,0,True,False
IBST.JK,8475.0,8475.0,8475.0,8475.0,8475.0,8475.0,8411.5,0.0,0.0,0,True,False
ICBP.JK,7500.0,7683.333333333333,7770.0,7722.5,7598.75,7060.9603125,6828.021723632813,28.361587499999988,1.7808482951619249,2350600,False,False
ICON.JK,136.0,132.66666666666666,130.4,131.4,125.35,113.4,114.93,22.599999999999994,4.832467066994672,7416400,False,False
IDPR.JK,280.0,275.3333333333333,272.0,266.8,270.1,286.3559729003906,291.32979766845705,9.7779864501953,1.5698199895201357,22600,False,False
IFII.JK,204.0,203.33333333333334,204.4,206.2,206.2,209.56,216.44,3.1133333333333297,1.062547870649576,212100,True,False
IGAR.JK,478.0,474.0,472.0,467.2,455.9,431.04,440.91396484375,23.47999999999999,0.8681507670339489,17400,False,False
IKAI.JK,19.0,19.333333333333332,19.4,19.6,20.45,19.44,20.79,1.4499999999999993,3.1859753221777214,3128900,True,False
IKBI.JK,525.0,525.0,523.0,526.0,556.003384399414,528.3220935058594,515.758705444336,6.600676879882803,1.800125465167864,43800,False,False
IMAS.JK,875.0,878.3333333333334,877.0,881.5,870.0,842.5390051269532,912.3173327636719,7.792198974609368,1.459519688408346,34200,False,False
IMJS.JK,168.0,168.33333333333334,168.4,168.8,165.55,152.0173077392578,160.4854037475586,16.78269226074221,2.9069162214711035,4455700,False,False
IMPC.JK,1375.0,1368.3333333333333,1371.0,1374.5,1447.75,1470.6,1739.3,20.45333333333333,4.757125840874702,6648000,False,False
INAF.JK,126.0,126.0,126.0,126.0,126.0,126.0,126.0,0.0,0.0,0,True,False
INAI.JK,176.0,177.0,177.4,177.0,177.3,160.34,166.31,17.060000000000002,1.8688227962912152,957600,False,False
INCF.JK,50.0,50.0,50.0,50.0,50.0,50.0,52.25,0.0,0.0,0,True,False
INCO.JK,5200.0,5225.0,5235.0,5222.5,5266.25,4948.2,5272.74427734375,12.722000000000007,1.973909326331099,2651500,False,False
INDF.JK,7275.0,7358.333333333333,7330.0,7337.5,7318.75,6932.67103515625,6692.302983398437,17.026491927083335,1.5394629972048595,3185900,False,False
INDX.JK,60.0,60.0,60.0,60.0,60.0,60.24,76.17,0.240000000000002,2.837818317547164e-07,0,True,False
INDY.JK,2830.0,2810.0,2770.0,2722.0,2629.0,2381.2,2664.367302246094,44.88000000000002,3.0372983966975347,10913500,False,False
INET.JK,358.0,349.3333333333333,340.8,325.8,277.5,236.74,250.32,60.629999999999995,9.335376542517677,670105700,False,False
INPC.JK,156.0,153.33333333333334,148.8,146.1,143.5,137.14,143.09,18.860000000000014,2.9860641190905013,15716800,False,False
INPP.JK,725.0,735.0,735.0,734.6377502441406,727.3510131835938,712.1457043457032,744.3808038330078,4.5708591308593665,1.930110625163201,98200,True,False
INRU.JK,590.0,590.0,590.0,590.0,590.0,590.0,590.0,0.0,1.3653663984933853e-07,0,True,False
INTA.JK,61.0,61.0,61.0,61.0,61.0,61.2,66.82,0.20000000000000284,0.0,0,True,False
INTD.JK,288.0,287.3333333333333,286.8,289.0,278.9,250.0,249.46,19.5,3.882051891676208,39900,False,False
INTP.JK,5550.0,5516.666666666667,5530.0,5532.5,5388.75,4809.5,4674.966860351563,29.62,2.1823365995797146,474700,False,False
IPAC.JK,184.0,179.66666666666666,181.4,179.7,173.4,163.86,157.34,20.139999999999986,2.9791118303250252,55100,False,False
IPCC.JK,1140.0,1146.6666666666667,1146.0,1155.0,1160.5,1169.7,1167.7613201904296,5.940000000000009,0.6136577601447404,1003100,True,False
IPCM.JK,300.0,300.0,300.8,301.6,302.5,308.0048876953125,306.62832916259765,4.002443847656252,0.37515884740187666,848100,True,False
IPOL.JK,114.0,113.33333333333333,112.8,112.7,112.1,108.36,113.35,5.640000000000001,1.0380861038855842,563100,True,False
ISAT.JK,2450.0,2493.3333333333335,2514.0,2599.0,2378.75,2068.0,2038.097607421875,53.1,3.6468310915857005,42020800,False,False
ISSP.JK,420.0,418.0,419.2,425.4,429.9,410.36,412.15082183837893,9.769999999999982,1.5597873375698814,474600,False,False
ITMG.JK,26150.0,25950.0,25700.0,25425.0,25098.75,24050.5,24087.45802734375,83.98,1.1100529086951325,508400,False,False
JAST.JK,94.0,94.66666666666667,99.2,92.0,87.85,83.98,88.04,15.219999999999999,8.432720596572286,13293600,False,False
JAWA.JK,133.0,132.33333333333334,132.2,132.1,130.7,122.44,134.47,10.560000000000002,4.57126554072162,961600,False,False
JECC.JK,645.0,648.3333333333334,644.0,638.0,638.25,632.8,683.906859741211,3.1066666666666833,1.874151569841073,41900,True,False
JGLE.JK,90.0,87.33333333333333,84.6,86.6,87.25,67.9,68.32,22.099999999999994,7.285858075083749,707920400,False,False
JIHD.JK,458.0,451.3333333333333,438.0,437.6,436.0,428.52,449.12,14.740000000000009,3.3539131201985666,120300,False,False
JPFA.JK,2260.0,2210.0,2196.0,2227.0,2226.5,2110.2,2234.6735375976564,14.980000000000018,2.1633991640078603,5284700,False,False
JRPT.JK,1090.0,1085.0,1082.0,1079.0,1080.5,1079.7,1071.8548681640625,2.2,0.36543694565903356,46400,True,False
JSMR.JK,2990.0,2926.6666666666665,2866.0,2820.0,2790.5,2770.0,2823.9078588867187,22.0,1.6375574037891492,3139400,False,False
JTPE.JK,605.0,608.3333333333334,609.0,615.5,611.0,607.8,600.1175,2.1,0.765111923844392,437100,True,False
KAEF.JK,436.0,436.0,435.6,437.8,445.4,448.76,472.58,6.579999999999984,0.5997169003999637,1781300,False,False
KARW.JK,212.0,212.0,212.0,212.0,212.0,214.12,248.3,1.0600000000000023,0.0,0,True,False
KDSI.JK,462.0,463.3333333333333,462.8,461.2,459.1,448.16,448.06,7.586666666666645,1.0778097445923716,5800,False,False
KEJU.JK,610.0,606.6666666666666,601.0,595.0,586.5,562.0,561.2962139892578,9.6,1.2646341227829483,158200,False,False
KICI.JK,262.0,265.3333333333333,249.2,221.8,208.4,195.14,201.12,35.096666666666664,9.293052303902721,58010100,False,False
KIJA.JK,206.0,210.66666666666666,206.6,197.6,161.2,139.78,148.25,35.44333333333333,14.940253195465747,270179000,False,False
KINO.JK,1375.0,1355.0,1353.0,1341.0,1323.5,1219.7,1156.7139868164063,31.05999999999999,1.9755956737739604,32400,False,False
KIOS.JK,102.0,101.66666666666667,100.0,98.3,97.2,93.64,95.64,8.36,2.4227622331127505,13079700,False,False
KLBF.JK,780.0,788.3333333333334,795.0,799.5,791.0,759.0,790.3801348876954,8.1,2.2852007147293465,20035900,False,False
KMDS.JK,520.0,516.6666666666666,522.0,524.5,527.75,533.5,536.0971737670899,3.3666666666666742,1.7207904425758511,48300,True,False
KMTR.JK,250.0,243.33333333333334,238.8,235.8,233.5,230.24,238.02,9.879999999999995,1.8306607131772692,163700,False,False
KOBX.JK,180.0,175.66666666666666,175.0,172.3,169.8,156.36,161.94,23.639999999999986,3.377401563181887,41514400,False,False
KOIN.JK,78.0,78.0,78.0,78.0,78.0,77.7,78.18,0.29999999999999716,0.0,0,True,False
KOPI.JK,208.0,205.33333333333334,204.0,203.8,205.7,197.68,211.07,5.159999999999997,1.453023520061271,649400,True,False
KPIG.JK,68.0,66.33333333333333,66.2,66.9,71.95,77.08,90.55,10.879999999999995,3.354843845577063,210828600,False,False
KRAS.JK,242.0,235.33333333333334,230.0,228.2,226.8,220.26,236.34,10.870000000000005,2.191130913279095,8481200,False,False
KREN.JK,14.0,13.666666666666666,13.6,13.3,13.25,12.66,13.92,1.3399999999999999,6.660621815024785,4213500,False,False
LABA.JK,124.0,128.33333333333334,115.2,106.9,100.65,94.98,102.93,33.35333333333334,11.599847621443274,37772000,False,False
LAPD.JK,72.0,72.33333333333333,70.8,68.3,66.6,64.84,70.46,7.493333333333325,2.799780580924843,43464800,False,False
LEAD.JK,114.0,110.66666666666667,106.6,108.2,109.15,103.28,111.67,10.719999999999999,7.128814694555557,57430300,False,False
LINK.JK,1505.0,1520.0,1505.0,1508.0,1462.75,1456.3,1508.95,12.740000000000009,2.896998218306892,8300,False,False
LION.JK,356.0,352.0,352.4,349.6,350.0,338.88,362.86,8.560000000000002,0.9724747753583202,66300,False,False
LMPI.JK,167.0,165.66666666666666,164.0,158.7,151.75,143.04,147.39,23.960000000000008,1.7774287605319108,66400,False,False
LMSH.JK,256.0,256.0,256.0,256.0,256.0,256.0,256.0,0.0,0.0,0,True,False
LPCK.JK,615.0,608.3333333333334,599.0,604.5,601.5,546.88,564.69,13.624,2.180610906807946,198200,False,False
LPGI.JK,645.0,640.0,639.0,636.5,635.5,653.3,668.1326110839843,3.5599999999999907,1.710962403184,166800,True,False
LPKR.JK,62.0,62.0,62.0,63.1,62.95,61.48,69.03,1.6200000000000045,2.4751088473396763,28028300,True,False
LPLI.JK,244.0,242.66666666666666,242.4,243.4,244.7,243.16,259.42,1.1499999999999915,0.6055478097991569,88100,True,False
LPPF.JK,1600.0,1601.6666666666667,1602.0,1611.5,1596.0,1556.3,1586.6659851074219,11.04000000000001,0.9309531626103792,553400,False,False
LPPS.JK,82.0,82.33333333333333,81.6,81.7,81.75,76.64,77.77,5.693333333333328,2.0811119879039857,847700,True,False
LSIP.JK,1495.0,1481.6666666666667,1465.0,1455.0,1446.25,1358.962255859375,1358.4867016601563,27.20754882812498,1.9001283047764526,6906000,False,False
LTLS.JK,850.0,848.3333333333334,844.0,844.0,842.0,805.1,786.3537725830079,8.979999999999995,0.9489025376920303,32600,False,False
LUCK.JK,114.0,112.66666666666667,112.2,113.4,113.95,106.7,107.36,7.299999999999997,2.340929454846206,295300,False,False
MAPI.JK,1455.0,1450.0,1461.0,1485.5,1558.75,1529.4019799804687,1460.8904833984375,21.75,3.0226301727481317,3755900,False,False
MBAP.JK,1705.0,1626.6666666666667,1563.0,1516.0,1479.25,1419.3,1503.5,57.14000000000001,4.060224372045199,184500,False,False
MBSS.JK,2820.0,2826.6666666666665,2824.0,2829.0,2830.0,2706.0,2478.35,12.4,0.36441181382132765,4146700,False,False
MDKA.JK,2960.0,2980.0,2998.0,2957.0,2922.5,2770.3028173828125,2836.398083496094,22.769718261718754,1.728747966778109,8865100,False,False
MDLN.JK,50.0,50.0,50.0,50.0,50.05,50.1,51.54,0.10000000000000142,0.0,72400,True,False
MDRN.JK,26.0,26.0,26.0,26.0,26.0,26.3,34.1,0.3000000000000007,0.0,0,True,False
MEDC.JK,1440.0,1401.6666666666667,1377.0,1386.0,1350.5,1252.4,1350.6716625976562,37.51999999999998,3.3115650666620526,31618300,False,False
MEGA.JK,1965.0,1958.3333333333333,1964.0,1972.5,1977.75,1995.4,2091.374660644531,7.413333333333367,0.44892291422439196,7200,False,False
MERK.JK,3850.0,3870.0,3890.0,3918.0,3929.0,3841.0,3739.533801269531,8.8,0.8446982037213538,17900,False,False
MFMI.JK,1300.0,1300.0,1300.0,1300.0,1300.0,1300.0,1286.08,0.0,0.0,0,True,False
MGRO.JK,680.0,681.6666666666666,677.0,676.0,672.5,674.4,680.4,1.8333333333333257,1.4628404683981966,1886300,True,False
MICE.JK,545.0,541.6666666666666,537.0,531.5,526.25,511.6043585205078,503.19435821533204,6.679128295898442,0.9121318944721228,9900,False,False
MIDI.JK,274.0,274.6666666666667,276.0,277.4,276.7,280.0,291.4816885375977,3.0,1.4336026698049045,1814300,True,False
MKNT.JK,1.0,1.0,1.0,1.0,1.0,1.0,1.0,0.0,0.0,0,True,False
MKPI.JK,21900.0,21941.666666666668,22005.0,22032.5,21987.5,21475.5,21335.054453125,22.28,0.34946850554225195,40200,False,False
MLBI.JK,6900.0,6883.333333333333,6885.0,6902.5,6923.75,6570.5,6074.01236328125,14.13,0.4422014319964911,3400,False,False
MLPL.JK,92.0,92.66666666666667,92.4,94.0,95.4,89.58,91.16,5.820000000000007,2.2793573334023995,8484000,True,True
MNCN.JK,202.0,200.66666666666666,200.8,202.2,201.6,204.0,216.48,1.6666666666666714,1.0852059508561795,15856500,True,False
MOLI.JK,306.0,300.0,290.0,286.4,278.2,260.16,251.38035217285156,22.919999999999987,4.383322310413835,6085400,False,False
MPPA.JK,45.0,44.0,44.4,46.4,47.3,47.1,48.07,3.299999999999997,2.54744992345981,3777400,True,False
MPRO.JK,12600.0,12366.666666666666,12225.0,12592.5,12390.0,10967.0,9933.5,65.32,3.9442931151602862,2400,False,False
MRAT.JK,412.0,413.3333333333333,410.4,414.2,428.0,436.84,433.14,13.219999999999999,2.3632644976865085,246900,False,False
MSKY.JK,64.0,63.666666666666664,63.2,64.6,65.95,62.4,69.46,3.5500000000000043,3.650218155554331,3591300,True,False
MTDL.JK,505.0,505.0,506.0,509.0,508.25,508.36,519.1310000610351,0.8,1.3904350651106467,832600,True,False
MTEL.JK,472.0,466.6666666666667,465.2,453.4,444.9,457.8794879150391,471.7806832885742,13.550000000000011,1.1551308598816412,38181700,False,False
MTLA.JK,520.0,520.0,518.0,515.0,518.0,518.02,515.1464068603516,1.0,1.1567759439559957,3400,True,False
MTWI.JK,246.0,246.66666666666666,246.0,247.4,251.1,260.64,277.2772776794434,7.319999999999993,1.6234376448049561,7000,False,False
MYOH.JK,1130.0,1126.6666666666667,1129.0,1131.0,1087.75,1059.7,1103.6133325195312,14.259999999999991,2.504664893358002,15400,False,False
NASI.JK,154.0,147.33333333333334,145.4,141.9,137.6,124.66,130.08,29.340000000000003,2.9312298528388054,48319300,False,False
NELY.JK,212.0,210.0,206.0,204.4,202.55,202.78,234.39174407958984,4.724999999999994,3.2067048972118464,2192800,True,False
NFCX.JK,1700.0,1688.3333333333333,1700.0,1667.0,1602.0,1601.4,1672.15,19.71999999999998,3.450050716279207,1600,False,False
NICL.JK,525.0,518.3333333333334,507.2,491.4,479.9,495.5,613.9274450683594,9.020000000000005,2.308478181006691,34494600,False,False
NISP.JK,1250.0,1243.3333333333333,1244.0,1251.5,1261.5,1236.5,1270.2087915039062,5.0,0.7366099073541423,2089200,True,False
NOBU.JK,505.0,498.3333333333333,497.0,499.4,500.35,461.74,481.01,8.651999999999997,1.499902645145756,116000,False,False
NPGF.JK,58.0,57.0,57.2,58.5,58.57396564483643,57.93020622253418,63.167275505065916,1.5739656448364272,2.0762052039076084,2323500,True,False
NRCA.JK,595.0,595.0,588.0,575.5,549.1,495.5,503.05085357666013,19.9,3.2971417283573508,7945600,False,False
NSSS.JK,870.0,861.6666666666666,853.0,874.0,918.5,803.4040979003906,734.4818078613281,23.019180419921874,4.1278730392207414,3586200,False,False
NTBK.JK,84.0,81.33333333333333,79.6,80.7,84.75,82.0,80.39116226196289,5.150000000000006,4.413111917508099,59527800,False,False
OASA.JK,338.0,332.0,326.4,322.6,327.5,306.96,326.1,15.52000000000001,2.1543380898847,20176000,False,False
OBMD.JK,182.0,191.66666666666666,192.4,193.8,192.4,183.82,196.86,11.800000000000011,3.2536610152549086,6386100,False,False
OILS.JK,260.0,249.33333333333334,236.0,230.0,229.2,216.42,225.76,21.790000000000006,5.346308869964413,7483300,False,False
OMRE.JK,940.0,946.6666666666666,951.0,964.0,977.5,1023.7,976.5,16.74000000000001,1.8451662948024659,2400,False,False
OPMS.JK,121.0,121.66666666666667,121.0,122.9,124.4,109.16,114.51,15.240000000000009,2.080052123207091,21650600,False,False
PBID.JK,530.0,528.3333333333334,529.0,533.0,532.25,504.66,492.2009951782227,5.667999999999995,1.4011891323295935,391600,True,False
PBRX.JK,27.0,26.666666666666668,26.4,26.3,26.5,26.72,30.01,0.6999999999999993,1.779771874545355,9568900,True,False
PCAR.JK,41.0,41.333333333333336,40.8,41.7,42.35,40.16,38.91,2.190000000000005,2.4726817841117392,1606600,True,True
PDES.JK,382.0,385.3333333333333,389.2,384.0,394.0,408.8,458.00999572753904,13.400000000000006,3.8526094367424393,121300,False,False
PGEO.JK,1045.0,1036.6666666666667,1029.0,1049.5,1054.5,993.9,971.8171569824219,12.120000000000005,2.6230652410866986,5113000,False,False
PGAS.JK,1555.0,1531.6666666666667,1530.0,1525.5,1512.75,1491.2,1589.773934326172,12.759999999999991,1.2453194252809978,29048300,False,False
PGJO.JK,920.0,926.6666666666666,918.0,898.5,831.25,754.5,766.85,34.43333333333332,2.617513776207332,98700,False,False
PGLI.JK,218.0,213.33333333333334,211.2,210.0,209.2,197.94,202.24,10.030000000000001,2.0592942924855535,434900,False,False
PGUN.JK,9750.0,9816.666666666666,9860.0,9632.5,8570.0,7864.0,8082.3416748046875,79.84,8.441562618595924,16700,False,False
PICO.JK,182.0,185.33333333333334,190.6,168.0,150.35,136.56,142.04,54.03999999999999,11.510290977971723,1543000,False,False
PJAA.JK,464.0,462.6666666666667,461.2,460.2,458.5,456.8,470.4761309814453,3.5999999999999943,0.3583040633615201,31700,True,False
PKPK.JK,3740.0,3713.3333333333335,3682.0,3687.0,3762.5,3511.8,3128.85,25.069999999999983,1.8747857341990704,489200,False,False
PLIN.JK,2510.0,2510.0,2510.0,2510.0,2510.0,2510.0,2487.09,0.0,0.0,0,True,False
PMMP.JK,50.0,50.0,50.0,50.0,50.0,50.0,50.0,0.0,0.0,0,True,False
PMJS.JK,149.0,144.66666666666666,139.0,132.1,124.85,113.59317291259765,117.18355697631836,35.40682708740235,4.950082102302048,3509100,False,False
PNBN.JK,900.0,895.0,895.0,899.0,902.25,891.9627038574218,908.3869860839844,2.0574592285156315,0.5759562773804074,654300,True,False
PNBS.JK,50.0,50.0,50.0,50.0,50.05,50.1,50.3,0.10000000000000142,0.0,609300,True,False
PNIN.JK,730.0,728.3333333333334,727.0,721.0,717.5,722.6,743.85,2.5,1.677924848865307,35300,True,False
PNLF.JK,228.0,226.66666666666666,226.8,231.4,230.4,224.4,232.67,3.5,1.3676701211657813,23136700,True,False
POLI.JK,860.0,851.6666666666666,842.0,807.5,780.25,736.3,880.2,24.74000000000001,3.904495568864507,9900,False,False
POLL.JK,112.0,112.0,112.0,112.0,112.0,112.0,112.0,0.0,0.0,0,True,False
POLY.JK,32.0,32.0,32.0,32.0,32.0,32.0,32.0,0.0,0.0,0,True,False
PORT.JK,895.0,898.3333333333334,901.0,913.5,892.0,872.8,886.75,8.14000000000001,4.164883338035003,28200,False,False
PPRE.JK,106.0,104.33333333333333,104.0,105.6,104.5,104.92,108.92,2.0,3.8209050752176092,18484600,False,False
PPRO.JK,16.0,16.0,15.8,16.5,16.8,16.92,18.01,1.120000000000001,4.4837295527918295,6402100,False,False
PTBA.JK,2750.0,2613.3333333333335,2552.0,2478.0,2416.5,2391.5098388671877,2534.2368896484377,35.84901611328123,2.643702207243309,60744900,False,False
PTIS.JK,260.0,261.3333333333333,260.0,259.4,263.3,269.08,284.9,4.840000000000003,1.978969018751003,124600,True,False
PTMP.JK,65.0,65.0,64.2,65.0,65.15,61.42,63.33,3.730000000000004,2.840922614485698,7376900,True,True
PTPP.JK,206.0,200.66666666666666,202.8,205.0,203.35,198.58,214.64,3.7099999999999937,2.892542736192728,12153700,True,False
PTRO.JK,5175.0,5080.0,5035.0,5140.0,5076.25,4528.1,4715.1,25.875999999999987,2.7765802178070094,12978400,False,False
PTSP.JK,1135.0,978.3333333333334,947.0,930.0,931.25,901.9,902.45,46.620000000000005,7.951569928013634,389000,False,False
PUDP.JK,274.0,272.6666666666667,272.4,278.6,292.4,293.48,307.6180010986328,10.54000000000002,1.5334648217624174,9100,False,False
PWON.JK,278.0,276.6666666666667,272.0,269.0,263.8,259.42,275.012014465332,9.289999999999992,1.7301271788801773,30406400,False,False
PYFA.JK,256.0,257.3333333333333,242.4,234.4,223.3,210.8,248.54,23.26666666666665,6.550428486524876,10320700,False,False
RAAM.JK,190.0,190.0,188.6,188.6,191.7,201.06,206.37,12.460000000000008,2.635779446079561,251700,False,False
RANC.JK,520.0,526.6666666666666,524.0,523.0,520.5,522.4,532.67,1.3333333333333257,1.8360467113576677,99900,True,False
RBMS.JK,62.0,62.0,62.0,63.2,63.95,62.58,62.97,1.9500000000000028,3.48517022325857,3556000,True,False
RCCC.JK,116.0,114.0,113.2,109.5,105.5,95.7,98.88,20.299999999999997,2.5882153095557054,382500,False,False
RELI.JK,550.0,526.6666666666666,525.0,525.0,504.1,496.22,495.09,10.755999999999995,3.605822842217062,31700,False,False
RICY.JK,80.0,79.66666666666667,79.2,79.6,79.55,78.14,83.76,1.8599999999999994,1.2546579414833865,4131200,True,False
RIGS.JK,665.0,673.3333333333334,676.0,680.0,680.5,682.0,680.9,3.4,0.8498849587452678,52900,True,False
RISE.JK,845.0,863.3333333333334,881.0,904.0,925.0,946.3,1220.0,20.25999999999999,2.6349229321620573,1492700,False,False
ROTI.JK,590.0,586.6666666666666,586.0,584.5,586.0,599.0,605.8525701904297,2.9,0.4864695620522629,213100,True,False
RUIS.JK,212.0,206.66666666666666,204.0,205.4,205.15,197.40125,197.8521875,7.299374999999998,2.7476053645010645,1643300,False,False
RUNS.JK,61.0,61.666666666666664,61.8,62.3,62.5,66.52,73.9,5.519999999999996,0.6746893985204523,397600,True,False
SAFE.JK,875.0,758.3333333333334,713.0,565.1,480.95,402.54,371.99,94.49199999999999,11.987663426497852,1182900,False,False
SAME.JK,320.0,316.0,310.4,300.6,299.0,313.0,318.78,10.5,1.5443727146466448,737900,False,False
SAPX.JK,216.0,216.66666666666666,215.6,215.8,215.5,213.22,222.24,1.7233333333333292,1.731002691559181,24800,True,False
SCCO.JK,2370.0,2353.3333333333335,2352.0,2347.0,2326.5,2278.4,2265.279775390625,9.159999999999991,1.2007006181230648,7200,False,False
SCMA.JK,202.0,201.33333333333334,202.4,207.0,204.45,204.82,218.50110885620117,2.8333333333333286,2.647526932674235,15957800,True,False
SDMU.JK,92.0,92.66666666666667,90.6,87.7,84.25,82.6,84.96,10.066666666666677,8.112664504221776,19824100,False,False
SDRA.JK,220.0,222.0,221.2,219.6,221.3,214.4,228.68,3.799999999999997,1.3796218927038588,441900,True,False
SEMA.JK,112.0,112.33333333333333,112.0,106.1,102.55,97.3,101.81,15.033333333333331,2.3521950240115532,1103300,False,False
SFAN.JK,2040.0,2036.6666666666667,2034.0,2029.0,2008.25,1983.1,1966.15,5.690000000000009,0.23913832737686905,29500,True,False
SGRO.JK,4810.0,4793.333333333333,4784.0,4787.0,4558.5,3620.883818359375,3563.609543457031,118.91161816406252,0.8531358576338915,9200,False,False
SIDO.JK,352.0,352.0,350.8,350.2,351.5,364.64,403.2370874023438,7.219999999999999,0.8154711425439602,23227200,False,False
SILO.JK,2120.0,2140.0,2166.0,2226.0,2282.5,2201.3,2312.95,16.25,2.2313592028320937,106800,False,False
SIMP.JK,625.0,620.0,612.0,610.0,602.5,568.3425439453125,599.0381024169922,11.331491210937497,2.1098694792467874,6486100,False,False
SINI.JK,11900.0,10725.0,9885.0,8802.5,7965.0,7535.37259765625,9957.436298828125,174.58509609375,5.136091129052689,16535500,False,False
SIPD.JK,955.0,941.6666666666666,903.0,834.0,760.5,718.5,800.25,47.3,6.110445330261081,10600,False,False
SKBM.JK,540.0,540.0,539.0,538.0,538.25,543.7,571.84,1.140000000000009,0.6867301783756657,79300,True,False
SKLT.JK,212.0,212.0,212.8,211.2,206.8,194.7,198.3871435546875,9.050000000000011,1.2239293791969217,52800,False,False
SLIS.JK,93.0,90.66666666666667,90.2,94.3,86.15,70.78,74.28,23.519999999999996,4.9359718532093595,13679100,False,False
SMCB.JK,775.0,775.0,775.0,775.0,775.0,775.0,761.1231579589844,0.0,0.0,0,True,False
SMDM.JK,555.0,548.3333333333334,546.0,547.5,555.0,564.1,566.71,3.6200000000000045,1.7193665204450999,31600,True,False
SMDR.JK,324.0,318.6666666666667,315.2,312.8,307.7782470703125,290.68294616699217,299.18910385131835,16.658526916503916,1.2290687210990883,8669800,False,False
SMGR.JK,1705.0,1561.6666666666667,1536.0,1537.0,1549.5,1496.1,1722.1284057617188,41.780000000000015,5.28688691295526,78220700,False,False
SMIL.JK,410.0,411.3333333333333,409.2,397.0,397.6,350.04,311.12,30.646666666666647,2.409500934634715,17990500,False,False
SMMA.JK,20075.0,20066.666666666668,20045.0,20100.0,20113.75,20780.0,18977.0,29.4,0.3515987224773902,14600,False,False
SMMT.JK,1980.0,1983.3333333333333,2004.0,1964.0,1914.25,1854.7,1883.5,29.859999999999992,2.750204701204632,83600,False,False
SMRA.JK,320.0,316.6666666666667,314.8,321.8,323.7,307.7,305.15033798217775,8.0,1.6382596230693003,13099500,False,False
SMSM.JK,1715.0,1715.0,1712.0,1725.5,1727.1938232421876,1682.18876953125,1694.9875622558593,9.001010742187509,0.7801951718715856,2214400,False,False
SNLK.JK,226.0,225.33333333333334,225.6,228.2,227.6,224.48,232.92,1.8599999999999994,1.6599346053112811,11834500,True,False
SOCI.JK,580.0,573.3333333333334,558.0,552.5,519.2,422.6327746582031,424.5616772460937,31.473445068359375,4.488597251461626,9423800,False,False
SOHO.JK,1180.0,1190.0,1192.0,1191.5,1189.25,1172.6,1409.25,3.880000000000018,0.9373569454225507,21400,True,False
SONA.JK,2520.0,2480.0,2476.0,2523.0,2552.5,2393.2439892578127,2265.3956079101563,15.92560107421873,6.67198288446521,7500,False,False
SPMA.JK,168.0,167.66666666666666,166.4,165.7,164.9,164.8492303466797,163.08615341186524,3.1507696533203102,0.7952202740363876,251600,True,False
SQMI.JK,85.0,71.66666666666667,67.6,64.3,64.1,59.04,54.29,25.96,11.663755671324424,639263000,False,False
SRAJ.JK,13700.0,13933.333333333334,13975.0,14155.0,13657.5,12092.0,12835.5,82.52,5.495750482451654,2000,False,False
SRSN.JK,94.0,88.33333333333333,81.2,76.3,73.7,69.62,67.94,24.379999999999995,10.012401452780148,380202500,False,False
SRTG.JK,1840.0,1876.6666666666667,1897.0,1900.5,1846.5,1712.8,1641.615545654297,37.540000000000006,2.108804815112983,5175800,False,False
SSMS.JK,940.0,926.6666666666666,915.0,911.5,921.75,879.4,970.5782336425781,12.120000000000005,2.4264477255743593,10972400,False,False
SSIA.JK,1920.0,1908.3333333333333,1876.0,1827.0,1747.75,1650.571044921875,1636.0962963867187,53.885791015625,3.365921276444126,16236500,False,False
SSTM.JK,486.0,495.3333333333333,452.8,427.8,423.1,405.2,484.78,45.06666666666666,8.821903649614505,619100,False,False
STAA.JK,1240.0,1210.0,1192.0,1159.0,1120.0,1067.4,1067.1244787597657,34.51999999999998,1.6501918325661298,5256600,False,False
STAR.JK,390.0,400.0,404.4,415.2,376.7,319.32,415.26,47.94,3.7804788967346172,68700,False,False
STTP.JK,9500.0,9433.333333333334,9435.0,9442.5,9576.25,9759.0,9784.75,13.026666666666642,0.6469811086129013,600,False,False
SULI.JK,93.0,93.0,91.2,91.8,93.1,86.24,90.03,6.859999999999999,3.0433932458293675,19312600,False,False
SWAT.JK,16.0,16.0,16.0,16.0,16.0,16.0,16.0,0.0,0.0,0,True,False
TALF.JK,705.0,705.0,712.0,721.5,819.25,694.6796472167969,694.59666015625,24.914070556640628,4.1242862362853145,212100,False,False
TAMA.JK,222.0,222.0,224.8,244.8,245.5,204.32,191.26,20.590000000000003,5.760542593816412,7486300,False,False
TAPG.JK,2180.0,2100.0,2060.0,1977.5,1876.1685485839844,1670.570791015625,1627.6950891113281,50.9429208984375,2.294174477056971,8696000,False,False
TARA.JK,29.0,29.0,28.8,29.4,29.7,29.78,30.07,0.9800000000000004,3.1047547953750887,213900,True,False
TBIG.JK,1475.0,1473.3333333333333,1477.0,1454.5,1426.0,1421.0,1473.8737438964845,11.2,1.9537761402385605,524600,False,False
TBLA.JK,620.0,621.6666666666666,622.0,626.0,624.25,624.5499975585938,620.8617556762696,1.2,0.9961269889868973,3090900,True,False
TELE.JK,9.0,9.0,9.0,9.0,9.0,9.0,9.0,0.0,0.0,0,True,False
TFCO.JK,860.0,873.3333333333334,886.0,887.0,839.5,747.6,706.5,27.879999999999995,5.404095756914998,1300,False,False
TGKA.JK,5025.0,5026.666666666667,5066.0,5033.0,4992.0,4903.0,4788.763330078125,6.52,2.432777964313566,300,False,False
TINS.JK,4140.0,4070.0,4062.0,4041.0,3929.5,3668.0534228515626,3555.70482421875,47.19465771484374,2.0300527713696708,18866100,False,False
TIRA.JK,400.0,404.6666666666667,405.2,410.6,431.5,508.84,626.07,54.41999999999999,1.4469780365446536,35900,False,False
TLKM.JK,2610.0,2593.3333333333335,2598.0,2603.0,2633.0,2581.0,2656.3935034179685,5.2,0.7785173326207707,37411000,True,False
TOBA.JK,615.0,613.3333333333334,595.0,566.5,536.0,468.0,491.9278265380859,29.4,5.009467680699615,10411900,False,False
TOPS.JK,1.0,1.0,1.0,1.0,1.0,1.0,1.0,0.0,0.0,0,True,False
TOTL.JK,1485.0,1501.6666666666667,1519.0,1475.0,1394.75,1192.9,1127.1964056396484,65.21999999999998,3.631403318427104,1506200,False,False
TOWR.JK,448.0,452.6666666666667,460.4,446.4,421.9,399.76,414.43851867675784,30.319999999999993,3.3861828550088036,31330600,False,False
TPIA.JK,1970.0,1963.3333333333333,1942.0,1961.0,2030.0,1979.5,2967.14125,17.6,2.922195893283357,69202500,False,False
TPMA.JK,466.0,464.0,462.0,460.4,461.2,449.0,479.78,8.5,0.8586742636499569,738300,False,False
TRIM.JK,625.0,628.3333333333334,617.0,611.0,605.75,579.7713317871094,560.0246832275391,9.7124003092448,1.8020580311725005,46600,False,False
TRIN.JK,336.0,336.6666666666667,332.4,333.6,323.3,332.2,467.47,6.683333333333337,6.261361678669246,9093500,False,False
TRIS.JK,175.0,175.66666666666666,174.2,173.6,171.85,167.1,169.2134860229492,8.566666666666663,1.3620518115636302,227200,False,False
TRST.JK,462.0,463.3333333333333,466.4,462.8,459.3,468.70499816894534,466.0337448120117,4.702499084472663,1.242461154629297,6400,True,False
TRUS.JK,430.0,436.6666666666667,436.4,440.0,423.1,417.20264526367185,357.8682666015625,11.398677368164073,7.174718688134789,15700,False,False
TSPC.JK,2740.0,2746.6666666666665,2734.0,2743.0,2781.0,2653.2,2541.5,12.780000000000019,1.1366568705473221,157900,False,False
UANG.JK,2500.0,2490.0,2470.0,2460.0,2449.5,2358.5,2743.5,14.15,2.1677529761493046,128800,False,False
UCID.JK,510.0,502.0,501.8,477.5,455.55,407.69898376464846,396.70437194824217,20.460203247070307,2.2160109462225637,1864300,False,False
UNIC.JK,14975.0,15008.333333333334,15005.0,15077.5,15111.25,13633.5,12720.60181640625,59.11,0.5111838174924801,44900,False,False
UNSP.JK,206.0,206.0,206.0,206.0,206.0,206.44,259.36,0.21999999999999886,0.0,0,True,False
UNTR.JK,25575.0,24591.666666666668,24420.0,24085.0,23862.5,24209.0,25374.0255078125,68.5,2.0786519306984266,3981500,False,False
UNVR.JK,1715.0,1741.6666666666667,1750.0,1776.0,1780.0,1744.1,1680.8943359375,13.0,1.6878393360891288,12337500,False,False
URBN.JK,220.0,217.33333333333334,216.4,214.0,212.7,214.06,206.78,3.6500000000000057,3.3294826363255794,259200,True,False
UVCR.JK,140.0,140.66666666666666,139.8,140.6,145.35,145.68,170.7045785522461,5.8799999999999955,2.211632371137843,15797800,True,False
VICO.JK,151.0,151.33333333333334,150.4,147.6,144.75,140.02,146.6,11.313333333333333,2.351431863106259,39200,False,False
VINS.JK,143.0,142.33333333333334,141.4,142.3,142.25,139.04,146.2,3.960000000000008,1.802625943478962,229700,True,False
VIVA.JK,49.0,49.0,49.4,52.2,52.85,41.74,40.96,11.11,5.211886057927371,20666300,False,False
VKTR.JK,935.0,953.3333333333334,919.0,908.5,869.25,731.36,773.03,44.39466666666667,5.046024326681924,47109800,False,False
WAPO.JK,173.0,169.0,162.8,150.7,139.7,124.66,125.81,48.34,2.715627396226715,1202400,False,False
WEGE.JK,54.0,54.0,54.4,57.3,54.2,51.68,52.77,5.619999999999997,8.811372747357122,12085900,False,False
WICO.JK,123.0,123.0,123.0,123.0,123.0,123.0,123.0,0.0,0.0,0,True,False
WIFI.JK,2140.0,2086.6666666666665,2056.0,2073.0,2013.5,1888.2763427734376,1998.6006701660156,25.17236572265624,4.178587570749908,60275400,False,False
WIIM.JK,1655.0,1653.3333333333333,1662.0,1699.0,1734.75,1658.9,1664.4126989746094,16.28333333333335,2.0902018135833944,286200,False,False
WINS.JK,555.0,545.0,533.0,526.0,517.75,521.4,517.3477615356445,7.45,1.7312799810505104,4030700,False,False
WMUU.JK,50.0,50.0,50.0,51.1,53.0,51.76,58.05,3.0,1.8278510530603957,1085000,True,False
WOMF.JK,270.0,274.0,275.6,278.0,271.6,258.8,272.17720001220704,9.599999999999994,2.0693633431758967,44200,False,False
WOOD.JK,208.0,208.0,207.2,211.0,214.9,213.28,244.8,3.8500000000000085,2.311207414841755,590900,True,False
WTON.JK,82.0,81.0,80.6,80.9,79.0,75.46,79.46894462585449,6.540000000000006,1.6872558767329862,3140900,False,False
WSBP.JK,14.0,14.0,14.0,14.0,14.0,13.98,15.29,0.019999999999999574,0.0,0,True,False
YPAS.JK,1460.0,1421.6666666666667,1451.0,1444.5,1093.5,801.9,926.15,131.62,5.341074650881773,129600,False,False
YULE.JK,3660.0,3533.3333333333335,3516.0,3498.0,3472.5,3404.8,3371.4005908203126,25.519999999999982,1.7153658723556442,9400,False,False
ZBRA.JK,50.0,50.0,50.0,50.0,50.0,50.0,50.0,0.0,0.0,0,True,False
ZINC.JK,30.0,30.0,30.0,30.0,30.0,30.0,30.0,0.0,0.0,0,True,False
