Ticker,Close,MA3,MA5,MA10,MA20,MA50,MA100,Range_Ticks,Vol_Pct,Volume,MA_Tight,Signal
ABBA.JK,2600.0,2750.0,2784.0,2877.0,2633.0,3075.4,2886.0,47.540000000000006,8.772567565950444,1600,False,False
ACES.JK,2600.0,2750.0,2784.0,2877.0,2633.0,3075.4,2886.0,47.540000000000006,8.772567565950444,1600,False,False
ACST.JK,2600.0,2750.0,2784.0,2877.0,2633.0,3075.4,2886.0,47.540000000000006,8.772567565950444,1600,False,False
ADCP.JK,2600.0,2750.0,2784.0,2877.0,2633.0,3075.4,2886.0,47.540000000000006,8.772567565950444,1600,False,False
ADHI.JK,7350.0,7266.666666666667,7310.0,7445.0,7497.5,7527.0,7656.5,10.413333333333322,1.7150411711171383,529900,False,False
ADMF.JK,7350.0,7266.666666666667,7310.0,7445.0,7497.5,7527.0,7656.5,10.413333333333322,1.7150411711171383,529900,False,False
ADMG.JK,7350.0,7266.666666666667,7310.0,7445.0,7497.5,7527.0,7656.5,10.413333333333322,1.7150411711171383,529900,False,False
ADMR.JK,7350.0,7266.666666666667,7310.0,7445.0,7497.5,7527.0,7656.5,10.413333333333322,1.7150411711171383,529900,False,False
ADRO.JK,400.0,398.6666666666667,397.2,397.8,400.2,406.0,417.98,4.400000000000006,1.792258359009133,34823600,True,False
AGII.JK,116.0,115.66666666666667,118.4,123.9,126.65,135.76,135.33,20.09333333333332,2.936938584740374,1677100,False,False
AGRO.JK,116.0,115.66666666666667,118.4,123.9,126.65,135.76,135.33,20.09333333333332,2.936938584740374,1677100,False,False
AGRS.JK,116.0,115.66666666666667,118.4,123.9,126.65,135.76,135.33,20.09333333333332,2.936938584740374,1677100,False,False
AHAP.JK,400.0,398.6666666666667,397.2,397.8,400.2,406.0,417.98,4.400000000000006,1.792258359009133,34823600,True,False
AIMS.JK,400.0,398.6666666666667,397.2,397.8,400.2,406.0,417.98,4.400000000000006,1.792258359009133,34823600,True,False
AISA.JK,400.0,398.6666666666667,397.2,397.8,400.2,406.0,417.98,4.400000000000006,1.792258359009133,34823600,True,False
AKKU.JK,218.0,219.33333333333334,224.0,234.2,234.6,246.6,252.22,14.299999999999997,4.302561145437069,4129200,False,False
AKPI.JK,218.0,219.33333333333334,224.0,234.2,234.6,246.6,252.22,14.299999999999997,4.302561145437069,4129200,False,False
AKRA.JK,218.0,219.33333333333334,224.0,234.2,234.6,246.6,252.22,14.299999999999997,4.302561145437069,4129200,False,False
AKSI.JK,218.0,219.33333333333334,224.0,234.2,234.6,246.6,252.22,14.299999999999997,4.302561145437069,4129200,False,False
ALDO.JK,8550.0,8541.666666666666,8590.0,8650.0,8547.5,8536.5,8619.5,4.54,1.0091906693923693,65300,True,False
ALII.JK,8550.0,8541.666666666666,8590.0,8650.0,8547.5,8536.5,8619.5,4.54,1.0091906693923693,65300,True,False
ALKA.JK,8550.0,8541.666666666666,8590.0,8650.0,8547.5,8536.5,8619.5,4.54,1.0091906693923693,65300,True,False
ALMI.JK,8550.0,8541.666666666666,8590.0,8650.0,8547.5,8536.5,8619.5,4.54,1.0091906693923693,65300,True,False
AMAG.JK,1980.0,2003.3333333333333,2052.0,2070.0,1985.75,1898.1,1624.4,34.38000000000002,3.343049360729791,26064100,False,False
AMAN.JK,1980.0,2003.3333333333333,2052.0,2070.0,1985.75,1898.1,1624.4,34.38000000000002,3.343049360729791,26064100,False,False
AMFG.JK,2400.0,2410.0,2422.0,2375.0,2287.0,2158.1339282226563,1928.3788061523437,26.38660717773437,2.2131032682917464,83678800,False,False
AMII.JK,2400.0,2410.0,2422.0,2375.0,2287.0,2158.1339282226563,1928.3788061523437,26.38660717773437,2.2131032682917464,83678800,False,False
AMOR.JK,2400.0,2410.0,2422.0,2375.0,2287.0,2158.1339282226563,1928.3788061523437,26.38660717773437,2.2131032682917464,83678800,False,False
AMRT.JK,2400.0,2410.0,2422.0,2375.0,2287.0,2158.1339282226563,1928.3788061523437,26.38660717773437,2.2131032682917464,83678800,False,False
ANDI.JK,3330.0,3330.0,3312.0,3222.0,2769.0,2102.4,1809.9,122.75999999999999,3.62656964056213,0,False,False
ANJT.JK,3330.0,3330.0,3312.0,3222.0,2769.0,2102.4,1809.9,122.75999999999999,3.62656964056213,0,False,False
ANTM.JK,3330.0,3330.0,3312.0,3222.0,2769.0,2102.4,1809.9,122.75999999999999,3.62656964056213,0,False,False
APEX.JK,3330.0,3330.0,3312.0,3222.0,2769.0,2102.4,1809.9,122.75999999999999,3.62656964056213,0,False,False
APII.JK,188.0,188.33333333333334,191.2,201.0,208.1,222.8,226.08,34.80000000000001,2.208267911433168,4998000,False,False
APLN.JK,188.0,188.33333333333334,191.2,201.0,208.1,222.8,226.08,34.80000000000001,2.208267911433168,4998000,False,False
ARCI.JK,188.0,188.33333333333334,191.2,201.0,208.1,222.8,226.08,34.80000000000001,2.208267911433168,4998000,False,False
ARGO.JK,188.0,188.33333333333334,191.2,201.0,208.1,222.8,226.08,34.80000000000001,2.208267911433168,4998000,False,False
ARII.JK,450.0,444.0,442.8,455.6,435.7,459.74,433.65,12.02000000000001,10.57067095381439,748000,False,False
ARKO.JK,450.0,444.0,442.8,455.6,435.7,459.74,433.65,12.02000000000001,10.57067095381439,748000,False,False
ARNA.JK,450.0,444.0,442.8,455.6,435.7,459.74,433.65,12.02000000000001,10.57067095381439,748000,False,False
ARTA.JK,450.0,444.0,442.8,455.6,435.7,459.74,433.65,12.02000000000001,10.57067095381439,748000,False,False
ARTI.JK,121.0,124.33333333333333,129.6,144.1,137.7,144.28,118.28,23.28,8.629945015932314,35245900,False,False
ASBI.JK,121.0,124.33333333333333,129.6,144.1,137.7,144.28,118.28,23.28,8.629945015932314,35245900,False,False
ASDM.JK,121.0,124.33333333333333,129.6,144.1,137.7,144.28,118.28,23.28,8.629945015932314,35245900,False,False
ASGR.JK,121.0,124.33333333333333,129.6,144.1,137.7,144.28,118.28,23.28,8.629945015932314,35245900,False,False
ASII.JK,128.0,128.33333333333334,131.4,137.2,138.65,140.34,141.2,12.340000000000003,2.6451445105912628,4219300,False,False
ASJT.JK,128.0,128.33333333333334,131.4,137.2,138.65,140.34,141.2,12.340000000000003,2.6451445105912628,4219300,False,False
ASMI.JK,128.0,128.33333333333334,131.4,137.2,138.65,140.34,141.2,12.340000000000003,2.6451445105912628,4219300,False,False
ASPI.JK,128.0,128.33333333333334,131.4,137.2,138.65,140.34,141.2,12.340000000000003,2.6451445105912628,4219300,False,False
ASRM.JK,1255.0,1246.6666666666667,1287.0,1291.0,1291.25,1279.6,1247.8,8.916666666666652,4.148162793293659,13930400,False,False
ATAP.JK,1255.0,1246.6666666666667,1287.0,1291.0,1291.25,1279.6,1247.8,8.916666666666652,4.148162793293659,13930400,False,False
ATPK.JK,1255.0,1246.6666666666667,1287.0,1291.0,1291.25,1279.6,1247.8,8.916666666666652,4.148162793293659,13930400,False,False
ATRM.JK,1255.0,1246.6666666666667,1287.0,1291.0,1291.25,1279.6,1247.8,8.916666666666652,4.148162793293659,13930400,False,False
AUTO.JK,346.0,350.0,357.6,367.8,370.5,417.46,415.62,35.72999999999999,2.629879670198723,1589600,False,False
BABP.JK,346.0,350.0,357.6,367.8,370.5,417.46,415.62,35.72999999999999,2.629879670198723,1589600,False,False
BACA.JK,346.0,350.0,357.6,367.8,370.5,417.46,415.62,35.72999999999999,2.629879670198723,1589600,False,False
BALI.JK,346.0,350.0,357.6,367.8,370.5,417.46,415.62,35.72999999999999,2.629879670198723,1589600,False,False
BAPA.JK,550.0,541.6666666666666,545.0,544.5,540.0,602.8,584.47,12.559999999999992,1.8279960131092048,260400,False,False
BATA.JK,550.0,541.6666666666666,545.0,544.5,540.0,602.8,584.47,12.559999999999992,1.8279960131092048,260400,False,False
BAYU.JK,550.0,541.6666666666666,545.0,544.5,540.0,602.8,584.47,12.559999999999992,1.8279960131092048,260400,False,False
BBCA.JK,550.0,541.6666666666666,545.0,544.5,540.0,602.8,584.47,12.559999999999992,1.8279960131092048,260400,False,False
BBHI.JK,840.0,845.0,844.0,877.0,853.5,979.8,806.4,27.95999999999999,4.887862356785198,2004100,False,False
BBKP.JK,840.0,845.0,844.0,877.0,853.5,979.8,806.4,27.95999999999999,4.887862356785198,2004100,False,False
BBLD.JK,840.0,845.0,844.0,877.0,853.5,979.8,806.4,27.95999999999999,4.887862356785198,2004100,False,False
BBMD.JK,840.0,845.0,844.0,877.0,853.5,979.8,806.4,27.95999999999999,4.887862356785198,2004100,False,False
BBNI.JK,660.0,538.6666666666666,518.4,548.2,550.1,494.42,425.53,33.116,13.18171695734919,4737600,False,False
BBNP.JK,660.0,538.6666666666666,518.4,548.2,550.1,494.42,425.53,33.116,13.18171695734919,4737600,False,False
BBRI.JK,660.0,538.6666666666666,518.4,548.2,550.1,494.42,425.53,33.116,13.18171695734919,4737600,False,False
BBSI.JK,660.0,538.6666666666666,518.4,548.2,550.1,494.42,425.53,33.116,13.18171695734919,4737600,False,False
BBTL.JK,74.0,74.0,74.0,74.0,74.0,74.0,74.0,0.0,0.0,0,True,False
BBTN.JK,74.0,74.0,74.0,74.0,74.0,74.0,74.0,0.0,0.0,0,True,False
BCAP.JK,74.0,74.0,74.0,74.0,74.0,74.0,74.0,0.0,0.0,0,True,False
BCIC.JK,74.0,74.0,74.0,74.0,74.0,74.0,74.0,0.0,0.0,0,True,False
BCIP.JK,420.0,420.6666666666667,421.6,426.8,428.1,419.72,396.62,4.189999999999998,0.9847121126077062,118200,True,False
BDMN.JK,420.0,420.6666666666667,421.6,426.8,428.1,419.72,396.62,4.189999999999998,0.9847121126077062,118200,True,False
BEKS.JK,420.0,420.6666666666667,421.6,426.8,428.1,419.72,396.62,4.189999999999998,0.9847121126077062,118200,True,False
BELL.JK,420.0,420.6666666666667,421.6,426.8,428.1,419.72,396.62,4.189999999999998,0.9847121126077062,118200,True,False
BIMA.JK,3360.0,3360.0,3386.0,3430.0,3461.0,3520.4,3449.9,16.04000000000001,0.5625159516937809,3100,False,False
BINI.JK,3360.0,3360.0,3386.0,3430.0,3461.0,3520.4,3449.9,16.04000000000001,0.5625159516937809,3100,False,False
BIPI.JK,3360.0,3360.0,3386.0,3430.0,3461.0,3520.4,3449.9,16.04000000000001,0.5625159516937809,3100,False,False
BIPP.JK,3360.0,3360.0,3386.0,3430.0,3461.0,3520.4,3449.9,16.04000000000001,0.5625159516937809,3100,False,False
BIRD.JK,336.0,338.0,342.8,349.0,352.1721923828125,363.72363525390625,375.0721939086914,13.861817626953126,1.668807857032117,330900,False,False
BISI.JK,336.0,338.0,342.8,349.0,352.1721923828125,363.72363525390625,375.0721939086914,13.861817626953126,1.668807857032117,330900,False,False
BJBR.JK,336.0,338.0,342.8,349.0,352.1721923828125,363.72363525390625,375.0721939086914,13.861817626953126,1.668807857032117,330900,False,False
BJTM.JK,336.0,338.0,342.8,349.0,352.1721923828125,363.72363525390625,375.0721939086914,13.861817626953126,1.668807857032117,330900,False,False
BKDP.JK,1620.0,1603.3333333333333,1632.0,1688.0,1691.75,1737.0,1882.45,26.73333333333335,2.0260724835078525,147700,False,False
BKSL.JK,28.0,29.0,28.2,28.1,28.5,29.52,27.72,1.5199999999999996,4.822218365310863,20955200,False,False
BLTA.JK,28.0,29.0,28.2,28.1,28.5,29.52,27.72,1.5199999999999996,4.822218365310863,20955200,False,False
BLTZ.JK,28.0,29.0,28.2,28.1,28.5,29.52,27.72,1.5199999999999996,4.822218365310863,20955200,False,False
BLUE.JK,1620.0,1603.3333333333333,1632.0,1688.0,1691.75,1737.0,1882.45,26.73333333333335,2.0260724835078525,147700,False,False
BMRI.JK,1620.0,1603.3333333333333,1632.0,1688.0,1691.75,1737.0,1882.45,26.73333333333335,2.0260724835078525,147700,False,False
BMSR.JK,1620.0,1603.3333333333333,1632.0,1688.0,1691.75,1737.0,1882.45,26.73333333333335,2.0260724835078525,147700,False,False
BMTR.JK,200.0,197.0,197.4,198.5,198.8,203.76,196.49,6.759999999999991,1.6963450269318194,53800,False,False
BNBA.JK,200.0,197.0,197.4,198.5,198.8,203.76,196.49,6.759999999999991,1.6963450269318194,53800,False,False
BNGA.JK,200.0,197.0,197.4,198.5,198.8,203.76,196.49,6.759999999999991,1.6963450269318194,53800,False,False
BNII.JK,200.0,197.0,197.4,198.5,198.8,203.76,196.49,6.759999999999991,1.6963450269318194,53800,False,False
BNLI.JK,232.0,236.66666666666666,243.2,230.2,221.15,227.08,206.92,11.024999999999991,9.117852374423421,166861000,False,False
BOBA.JK,232.0,236.66666666666666,243.2,230.2,221.15,227.08,206.92,11.024999999999991,9.117852374423421,166861000,False,False
BOGA.JK,128.0,131.66666666666666,134.6,141.6,143.15,141.36,120.8,15.150000000000006,5.481121304280742,36838900,False,False
BOLA.JK,232.0,236.66666666666666,243.2,230.2,221.15,227.08,206.92,11.024999999999991,9.117852374423421,166861000,False,False
BOLT.JK,128.0,131.66666666666666,134.6,141.6,143.15,141.36,120.8,15.150000000000006,5.481121304280742,36838900,False,False
BOSS.JK,128.0,131.66666666666666,134.6,141.6,143.15,141.36,120.8,15.150000000000006,5.481121304280742,36838900,False,False
BPFI.JK,128.0,131.66666666666666,134.6,141.6,143.15,141.36,120.8,15.150000000000006,5.481121304280742,36838900,False,False
BPII.JK,990.0,1016.6666666666666,1015.0,1069.0,1072.75,1103.5,1074.45,22.7,4.369174290548576,36600,False,False
BPTR.JK,990.0,1016.6666666666666,1015.0,1069.0,1072.75,1103.5,1074.45,22.7,4.369174290548576,36600,False,False
BRMS.JK,990.0,1016.6666666666666,1015.0,1069.0,1072.75,1103.5,1074.45,22.7,4.369174290548576,36600,False,False
BRNA.JK,990.0,1016.6666666666666,1015.0,1069.0,1072.75,1103.5,1074.45,22.7,4.369174290548576,36600,False,False
BRPT.JK,286.0,282.6666666666667,284.8,288.2,289.9,303.08,290.06,10.20666666666665,1.581383048144603,490300,False,False
BSDE.JK,286.0,282.6666666666667,284.8,288.2,289.9,303.08,290.06,10.20666666666665,1.581383048144603,490300,False,False
BSSR.JK,286.0,282.6666666666667,284.8,288.2,289.9,303.08,290.06,10.20666666666665,1.581383048144603,490300,False,False
BTEK.JK,286.0,282.6666666666667,284.8,288.2,289.9,303.08,290.06,10.20666666666665,1.581383048144603,490300,False,False
BTON.JK,5750.0,6175.0,6535.0,7982.5,7841.25,8376.2,5541.2,105.04800000000003,7.895124444033757,4072600,False,False
BTPN.JK,5750.0,6175.0,6535.0,7982.5,7841.25,8376.2,5541.2,105.04800000000003,7.895124444033757,4072600,False,False
BTPS.JK,5750.0,6175.0,6535.0,7982.5,7841.25,8376.2,5541.2,105.04800000000003,7.895124444033757,4072600,False,False
BUDI.JK,5750.0,6175.0,6535.0,7982.5,7841.25,8376.2,5541.2,105.04800000000003,7.895124444033757,4072600,False,False
BVIC.JK,2.0,2.0,2.0,2.0,2.0,2.0,2.0,0.0,0.0,0,True,False
BWPT.JK,2.0,2.0,2.0,2.0,2.0,2.0,2.0,0.0,0.0,0,True,False
BYMS.JK,2.0,2.0,2.0,2.0,2.0,2.0,2.0,0.0,0.0,0,True,False
CAKK.JK,2.0,2.0,2.0,2.0,2.0,2.0,2.0,0.0,0.0,0,True,False
CAMP.JK,404.0,406.6666666666667,410.4,417.6,421.8,442.7,459.21,19.349999999999994,1.5622569022205839,13700,False,False
CARS.JK,404.0,406.6666666666667,410.4,417.6,421.8,442.7,459.21,19.349999999999994,1.5622569022205839,13700,False,False
CASA.JK,404.0,406.6666666666667,410.4,417.6,421.8,442.7,459.21,19.349999999999994,1.5622569022205839,13700,False,False
CASH.JK,404.0,406.6666666666667,410.4,417.6,421.8,442.7,459.21,19.349999999999994,1.5622569022205839,13700,False,False
CBMF.JK,630.0,616.6666666666666,619.0,631.5,641.5,647.4,616.05,6.14666666666667,1.8428073371324971,18700,False,False
CCSI.JK,630.0,616.6666666666666,619.0,631.5,641.5,647.4,616.05,6.14666666666667,1.8428073371324971,18700,False,False
CEKA.JK,630.0,616.6666666666666,619.0,631.5,641.5,647.4,616.05,6.14666666666667,1.8428073371324971,18700,False,False
CFIN.JK,630.0,616.6666666666666,619.0,631.5,641.5,647.4,616.05,6.14666666666667,1.8428073371324971,18700,False,False
CINT.JK,109.0,110.66666666666667,112.2,117.6,122.45,127.64,117.21,18.64,2.4442392556250003,3424600,False,False
CITA.JK,109.0,110.66666666666667,112.2,117.6,122.45,127.64,117.21,18.64,2.4442392556250003,3424600,False,False
CLEO.JK,109.0,110.66666666666667,112.2,117.6,122.45,127.64,117.21,18.64,2.4442392556250003,3424600,False,False
CLPI.JK,284.0,286.0,302.4,352.6,385.7,509.18,686.34,112.59,6.181388769080319,157800,False,False
CMNP.JK,284.0,286.0,302.4,352.6,385.7,509.18,686.34,112.59,6.181388769080319,157800,False,False
CMNT.JK,284.0,286.0,302.4,352.6,385.7,509.18,686.34,112.59,6.181388769080319,157800,False,False
CMPP.JK,284.0,286.0,302.4,352.6,385.7,509.18,686.34,112.59,6.181388769080319,157800,False,False
CNKO.JK,765.0,798.3333333333334,800.0,833.0,784.0,733.78,433.94,19.844000000000005,4.122641420465381,5953500,False,False
COAL.JK,765.0,798.3333333333334,800.0,833.0,784.0,733.78,433.94,19.844000000000005,4.122641420465381,5953500,False,False
COCO.JK,765.0,798.3333333333334,800.0,833.0,784.0,733.78,433.94,19.844000000000005,4.122641420465381,5953500,False,False
CPIN.JK,765.0,798.3333333333334,800.0,833.0,784.0,733.78,433.94,19.844000000000005,4.122641420465381,5953500,False,False
CPRO.JK,194.0,193.0,194.4,197.3,196.85,195.28,164.61,4.300000000000011,1.4057581794034135,190100,True,False
CSAP.JK,292.0,289.3333333333333,291.2,298.8,299.0,312.04,326.91142791748047,11.353333333333353,2.1550173465624813,41400,False,False
CSIS.JK,292.0,289.3333333333333,291.2,298.8,299.0,312.04,326.91142791748047,11.353333333333353,2.1550173465624813,41400,False,False
CSMI.JK,292.0,289.3333333333333,291.2,298.8,299.0,312.04,326.91142791748047,11.353333333333353,2.1550173465624813,41400,False,False
CTBN.JK,292.0,289.3333333333333,291.2,298.8,299.0,312.04,326.91142791748047,11.353333333333353,2.1550173465624813,41400,False,False
DAJK.JK,52.0,52.333333333333336,52.8,54.8,56.2,59.02,56.68,7.020000000000003,3.0615672249981194,9758900,False,False
DART.JK,52.0,52.333333333333336,52.8,54.8,56.2,59.02,56.68,7.020000000000003,3.0615672249981194,9758900,False,False
DAYA.JK,52.0,52.333333333333336,52.8,54.8,56.2,59.02,56.68,7.020000000000003,3.0615672249981194,9758900,False,False
DCII.JK,52.0,52.333333333333336,52.8,54.8,56.2,59.02,56.68,7.020000000000003,3.0615672249981194,9758900,False,False
DEWA.JK,143.0,144.33333333333334,146.0,152.0,156.95,182.4,164.46,39.400000000000006,2.665230410209394,1503500,False,False
DFAM.JK,143.0,144.33333333333334,146.0,152.0,156.95,182.4,164.46,39.400000000000006,2.665230410209394,1503500,False,False
DGIK.JK,143.0,144.33333333333334,146.0,152.0,156.95,182.4,164.46,39.400000000000006,2.665230410209394,1503500,False,False
DILD.JK,143.0,144.33333333333334,146.0,152.0,156.95,182.4,164.46,39.400000000000006,2.665230410209394,1503500,False,False
DIVA.JK,1290.0,1296.6666666666667,1307.0,1350.0,1369.25,1499.6,1403.7,41.91999999999998,1.4485903388334793,8400,False,False
DKFT.JK,1290.0,1296.6666666666667,1307.0,1350.0,1369.25,1499.6,1403.7,41.91999999999998,1.4485903388334793,8400,False,False
DLTA.JK,1290.0,1296.6666666666667,1307.0,1350.0,1369.25,1499.6,1403.7,41.91999999999998,1.4485903388334793,8400,False,False
DMAS.JK,1290.0,1296.6666666666667,1307.0,1350.0,1369.25,1499.6,1403.7,41.91999999999998,1.4485903388334793,8400,False,False
DMMX.JK,79.0,79.0,80.2,87.6,89.7,94.3,87.71,15.299999999999997,4.00578583525941,839900,False,False
DPNS.JK,79.0,79.0,80.2,87.6,89.7,94.3,87.71,15.299999999999997,4.00578583525941,839900,False,False
DSSA.JK,79.0,79.0,80.2,87.6,89.7,94.3,87.71,15.299999999999997,4.00578583525941,839900,False,False
DUTI.JK,79.0,79.0,80.2,87.6,89.7,94.3,87.71,15.299999999999997,4.00578583525941,839900,False,False
DVLA.JK,63.0,62.666666666666664,63.4,64.2,64.8,72.04,67.01,9.373333333333342,4.476651914456664,113100,False,False
DWGL.JK,63.0,62.666666666666664,63.4,64.2,64.8,72.04,67.01,9.373333333333342,4.476651914456664,113100,False,False
DYAN.JK,63.0,62.666666666666664,63.4,64.2,64.8,72.04,67.01,9.373333333333342,4.476651914456664,113100,False,False
ECII.JK,63.0,62.666666666666664,63.4,64.2,64.8,72.04,67.01,9.373333333333342,4.476651914456664,113100,False,False
EKAD.JK,7000.0,6991.666666666667,7015.0,7140.0,7275.0,7635.5,7909.133237304687,25.75333333333332,1.8785312655047282,102725700,False,False
ELTY.JK,7000.0,6991.666666666667,7015.0,7140.0,7275.0,7635.5,7909.133237304687,25.75333333333332,1.8785312655047282,102725700,False,False
EMDE.JK,7000.0,6991.666666666667,7015.0,7140.0,7275.0,7635.5,7909.133237304687,25.75333333333332,1.8785312655047282,102725700,False,False
EMTK.JK,7000.0,6991.666666666667,7015.0,7140.0,7275.0,7635.5,7909.133237304687,25.75333333333332,1.8785312655047282,102725700,False,False
ENRG.JK,1375.0,1358.3333333333333,1362.0,1367.5,1362.5,1367.4,1346.5,3.3333333333333486,1.0819204089037737,120400,True,False
ENVY.JK,1375.0,1358.3333333333333,1362.0,1367.5,1362.5,1367.4,1346.5,3.3333333333333486,1.0819204089037737,120400,True,False
ERAA.JK,1375.0,1358.3333333333333,1362.0,1367.5,1362.5,1367.4,1346.5,3.3333333333333486,1.0819204089037737,120400,True,False
ERTX.JK,1375.0,1358.3333333333333,1362.0,1367.5,1362.5,1367.4,1346.5,3.3333333333333486,1.0819204089037737,120400,True,False
ESSA.JK,64.0,64.66666666666667,65.8,70.0,71.7,77.92,74.59,13.920000000000002,2.6405883936774175,114256800,False,False
EURO.JK,64.0,64.66666666666667,65.8,70.0,71.7,77.92,74.59,13.920000000000002,2.6405883936774175,114256800,False,False
EXCL.JK,64.0,64.66666666666667,65.8,70.0,71.7,77.92,74.59,13.920000000000002,2.6405883936774175,114256800,False,False
FAST.JK,64.0,64.66666666666667,65.8,70.0,71.7,77.92,74.59,13.920000000000002,2.6405883936774175,114256800,False,False
FILM.JK,810.0,840.0,859.0,876.0,888.5,900.6,900.15,18.120000000000005,2.2677889195286753,41300,False,False
FIRE.JK,810.0,840.0,859.0,876.0,888.5,900.6,900.15,18.120000000000005,2.2677889195286753,41300,False,False
FISH.JK,810.0,840.0,859.0,876.0,888.5,900.6,900.15,18.120000000000005,2.2677889195286753,41300,False,False
FMII.JK,810.0,840.0,859.0,876.0,888.5,900.6,900.15,18.120000000000005,2.2677889195286753,41300,False,False
FOOD.JK,770.0,765.0,754.0,695.0,657.5,650.4,641.45,23.920000000000005,5.11135341668702,297394400,False,False
FORU.JK,770.0,765.0,754.0,695.0,657.5,650.4,641.45,23.920000000000005,5.11135341668702,297394400,False,False
FPNI.JK,770.0,765.0,754.0,695.0,657.5,650.4,641.45,23.920000000000005,5.11135341668702,297394400,False,False
FREN.JK,770.0,765.0,754.0,695.0,657.5,650.4,641.45,23.920000000000005,5.11135341668702,297394400,False,False
GEMS.JK,148.0,144.66666666666666,146.8,151.5,153.0,168.08,162.24,23.413333333333355,2.916110252614515,471600,False,False
GGRM.JK,148.0,144.66666666666666,146.8,151.5,153.0,168.08,162.24,23.413333333333355,2.916110252614515,471600,False,False
GIAA.JK,148.0,144.66666666666666,146.8,151.5,153.0,168.08,162.24,23.413333333333355,2.916110252614515,471600,False,False
GJTL.JK,148.0,144.66666666666666,146.8,151.5,153.0,168.08,162.24,23.413333333333355,2.916110252614515,471600,False,False
GLOB.JK,1340.0,1303.3333333333333,1313.0,1351.5,1342.75,1254.1,1220.0,19.480000000000018,3.3879590252983,43681600,False,False
GOLD.JK,1340.0,1303.3333333333333,1313.0,1351.5,1342.75,1254.1,1220.0,19.480000000000018,3.3879590252983,43681600,False,False
GOOD.JK,1340.0,1303.3333333333333,1313.0,1351.5,1342.75,1254.1,1220.0,19.480000000000018,3.3879590252983,43681600,False,False
GOTO.JK,1340.0,1303.3333333333333,1313.0,1351.5,1342.75,1254.1,1220.0,19.480000000000018,3.3879590252983,43681600,False,False
GPRA.JK,51.0,51.333333333333336,51.6,52.7,53.15,56.9,56.31,5.899999999999999,1.7908113636716179,20833000,True,False
GTBO.JK,51.0,51.333333333333336,51.6,52.7,53.15,56.9,56.31,5.899999999999999,1.7908113636716179,20833000,True,False
GWSA.JK,51.0,51.333333333333336,51.6,52.7,53.15,56.9,56.31,5.899999999999999,1.7908113636716179,20833000,True,False
GZCO.JK,51.0,51.333333333333336,51.6,52.7,53.15,56.9,56.31,5.899999999999999,1.7908113636716179,20833000,True,False
HADE.JK,72.0,71.66666666666667,72.8,76.9,74.35,79.36,91.94,7.693333333333328,5.330377587293695,4712300,False,False
HDTX.JK,72.0,71.66666666666667,72.8,76.9,74.35,79.36,91.94,7.693333333333328,5.330377587293695,4712300,False,False
HEAL.JK,72.0,71.66666666666667,72.8,76.9,74.35,79.36,91.94,7.693333333333328,5.330377587293695,4712300,False,False
HELI.JK,72.0,71.66666666666667,72.8,76.9,74.35,79.36,91.94,7.693333333333328,5.330377587293695,4712300,False,False
HMSP.JK,2630.0,2640.0,2674.0,2763.0,2708.5,2596.2,2532.8,16.680000000000017,2.5331095746285595,658400,False,False
HOKI.JK,2630.0,2640.0,2674.0,2763.0,2708.5,2596.2,2532.8,16.680000000000017,2.5331095746285595,658400,False,False
HOME.JK,2630.0,2640.0,2674.0,2763.0,2708.5,2596.2,2532.8,16.680000000000017,2.5331095746285595,658400,False,False
HOMI.JK,2630.0,2640.0,2674.0,2763.0,2708.5,2596.2,2532.8,16.680000000000017,2.5331095746285595,658400,False,False
HRTA.JK,760.0,755.0,758.0,766.0,737.75,722.9,726.3473468017578,8.620000000000005,1.688487946448476,29344500,False,False
HRUM.JK,760.0,755.0,758.0,766.0,737.75,722.9,726.3473468017578,8.620000000000005,1.688487946448476,29344500,False,False
IATA.JK,760.0,755.0,758.0,766.0,737.75,722.9,726.3473468017578,8.620000000000005,1.688487946448476,29344500,False,False
IBFN.JK,760.0,755.0,758.0,766.0,737.75,722.9,726.3473468017578,8.620000000000005,1.688487946448476,29344500,False,False
IBST.JK,123.0,125.0,126.8,131.8,136.45,134.02,125.3,13.449999999999989,2.0799737711113213,12375800,False,False
ICBP.JK,123.0,125.0,126.8,131.8,136.45,134.02,125.3,13.449999999999989,2.0799737711113213,12375800,False,False
ICON.JK,123.0,125.0,126.8,131.8,136.45,134.02,125.3,13.449999999999989,2.0799737711113213,12375800,False,False
IDPR.JK,123.0,125.0,126.8,131.8,136.45,134.02,125.3,13.449999999999989,2.0799737711113213,12375800,False,False
IFII.JK,67.0,67.66666666666667,69.4,83.2,83.5,78.02,62.39,16.5,15.452646753702922,71341500,False,False
IIKP.JK,67.0,67.66666666666667,69.4,83.2,83.5,78.02,62.39,16.5,15.452646753702922,71341500,False,False
IKBI.JK,1520.0,1541.6666666666667,1565.0,1653.5,1763.5,1850.4,1903.45,66.08000000000001,1.504868221297543,45295900,False,False
IMAS.JK,1520.0,1541.6666666666667,1565.0,1653.5,1763.5,1850.4,1903.45,66.08000000000001,1.504868221297543,45295900,False,False
IMJS.JK,1520.0,1541.6666666666667,1565.0,1653.5,1763.5,1850.4,1903.45,66.08000000000001,1.504868221297543,45295900,False,False
IMPC.JK,1520.0,1541.6666666666667,1565.0,1653.5,1763.5,1850.4,1903.45,66.08000000000001,1.504868221297543,45295900,False,False
INAF.JK,820.0,816.6666666666666,820.0,826.5,823.75,820.6,806.65,1.9666666666666743,0.6856712163939429,3345800,True,True
INAI.JK,820.0,816.6666666666666,820.0,826.5,823.75,820.6,806.65,1.9666666666666743,0.6856712163939429,3345800,True,True
INCF.JK,820.0,816.6666666666666,820.0,826.5,823.75,820.6,806.65,1.9666666666666743,0.6856712163939429,3345800,True,True
INDX.JK,820.0,816.6666666666666,820.0,826.5,823.75,820.6,806.65,1.9666666666666743,0.6856712163939429,3345800,True,True
INDY.JK,575.0,570.0,573.0,583.0,579.5,565.0,550.25,3.6,1.855093454056745,11582800,True,True
INET.JK,575.0,570.0,573.0,583.0,579.5,565.0,550.25,3.6,1.855093454056745,11582800,True,True
INPC.JK,575.0,570.0,573.0,583.0,579.5,565.0,550.25,3.6,1.855093454056745,11582800,True,True
INPP.JK,575.0,570.0,573.0,583.0,579.5,565.0,550.25,3.6,1.855093454056745,11582800,True,True
INRU.JK,51.0,56.333333333333336,62.4,73.8,67.95,59.06,50.02,22.799999999999997,8.530101483555985,3971200,False,False
INTA.JK,51.0,56.333333333333336,62.4,73.8,67.95,59.06,50.02,22.799999999999997,8.530101483555985,3971200,False,False
INTD.JK,51.0,56.333333333333336,62.4,73.8,67.95,59.06,50.02,22.799999999999997,8.530101483555985,3971200,False,False
INTP.JK,51.0,56.333333333333336,62.4,73.8,67.95,59.06,50.02,22.799999999999997,8.530101483555985,3971200,False,False
IPAC.JK,117.0,118.33333333333333,119.6,128.9,135.3,142.8,139.41,25.80000000000001,4.586747562807712,229723100,False,False
ISAT.JK,3990.0,3926.6666666666665,3980.0,4622.0,5623.5,4806.8,3639.45,169.68333333333334,8.027430229654076,1122500,False,False
ISSP.JK,3990.0,3926.6666666666665,3980.0,4622.0,5623.5,4806.8,3639.45,169.68333333333334,8.027430229654076,1122500,False,False
ITMG.JK,3990.0,3926.6666666666665,3980.0,4622.0,5623.5,4806.8,3639.45,169.68333333333334,8.027430229654076,1122500,False,False
JAST.JK,3990.0,3926.6666666666665,3980.0,4622.0,5623.5,4806.8,3639.45,169.68333333333334,8.027430229654076,1122500,False,False
JKSW.JK,131.0,130.0,132.2,136.3,138.95,146.72,144.7,16.72,2.206694155501788,41416600,False,False
JPFA.JK,131.0,130.0,132.2,136.3,138.95,146.72,144.7,16.72,2.206694155501788,41416600,False,False
JRPT.JK,131.0,130.0,132.2,136.3,138.95,146.72,144.7,16.72,2.206694155501788,41416600,False,False
JSMR.JK,131.0,130.0,132.2,136.3,138.95,146.72,144.7,16.72,2.206694155501788,41416600,False,False
JTPE.JK,755.0,756.6666666666666,766.0,815.0,835.0,881.2,758.5,25.24000000000001,3.769670781983873,275400,False,False
KAEF.JK,755.0,756.6666666666666,766.0,815.0,835.0,881.2,758.5,25.24000000000001,3.769670781983873,275400,False,False
KARW.JK,755.0,756.6666666666666,766.0,815.0,835.0,881.2,758.5,25.24000000000001,3.769670781983873,275400,False,False
KDSI.JK,755.0,756.6666666666666,766.0,815.0,835.0,881.2,758.5,25.24000000000001,3.769670781983873,275400,False,False
KEJU.JK,206.0,207.33333333333334,208.0,214.2,216.2,215.92,210.6,5.099999999999994,3.528061958217544,1050000,True,False
KICI.JK,206.0,207.33333333333334,208.0,214.2,216.2,215.92,210.6,5.099999999999994,3.528061958217544,1050000,True,False
KIJA.JK,206.0,207.33333333333334,208.0,214.2,216.2,215.92,210.6,5.099999999999994,3.528061958217544,1050000,True,False
KINO.JK,206.0,207.33333333333334,208.0,214.2,216.2,215.92,210.6,5.099999999999994,3.528061958217544,1050000,True,False
KIOS.JK,168.0,171.66666666666666,173.6,176.9,178.05,180.92,188.56284240722655,12.919999999999987,1.7250389317048427,608700,False,False
KLBF.JK,168.0,171.66666666666666,173.6,176.9,178.05,180.92,188.56284240722655,12.919999999999987,1.7250389317048427,608700,False,False
KMDS.JK,168.0,171.66666666666666,173.6,176.9,178.05,180.92,188.56284240722655,12.919999999999987,1.7250389317048427,608700,False,False
KMTR.JK,168.0,171.66666666666666,173.6,176.9,178.05,180.92,188.56284240722655,12.919999999999987,1.7250389317048427,608700,False,False
KOBX.JK,161.0,164.33333333333334,164.2,168.0,171.1,178.74,178.06,17.74000000000001,1.5505847088015512,895200,False,False
KOIN.JK,161.0,164.33333333333334,164.2,168.0,171.1,178.74,178.06,17.74000000000001,1.5505847088015512,895200,False,False
KOPI.JK,161.0,164.33333333333334,164.2,168.0,171.1,178.74,178.06,17.74000000000001,1.5505847088015512,895200,False,False
KPIG.JK,1425.0,1421.6666666666667,1421.0,1434.5,1461.0,1319.5,1025.01,28.3,1.035663715770767,15700,False,False
KRAS.JK,161.0,164.33333333333334,164.2,168.0,171.1,178.74,178.06,17.74000000000001,1.5505847088015512,895200,False,False
KREN.JK,955.0,958.3333333333334,962.0,977.5,1022.5,1024.7,1046.1,13.940000000000008,1.1843932780394872,10500,False,False
LABA.JK,955.0,958.3333333333334,962.0,977.5,1022.5,1024.7,1046.1,13.940000000000008,1.1843932780394872,10500,False,False
LAPD.JK,955.0,958.3333333333334,962.0,977.5,1022.5,1024.7,1046.1,13.940000000000008,1.1843932780394872,10500,False,False
LEAD.JK,955.0,958.3333333333334,962.0,977.5,1022.5,1024.7,1046.1,13.940000000000008,1.1843932780394872,10500,False,False
LINK.JK,442.0,448.0,456.0,474.0,493.3,503.1,516.35,30.55000000000001,5.609368727389643,200,False,False
LION.JK,442.0,448.0,456.0,474.0,493.3,503.1,516.35,30.55000000000001,5.609368727389643,200,False,False
LMAS.JK,442.0,448.0,456.0,474.0,493.3,503.1,516.35,30.55000000000001,5.609368727389643,200,False,False
LMPI.JK,80.0,80.33333333333333,80.8,82.2,82.85,87.16,89.82,7.159999999999997,2.1457540971883633,230500,False,False
LMSH.JK,80.0,80.33333333333333,80.8,82.2,82.85,87.16,89.82,7.159999999999997,2.1457540971883633,230500,False,False
LPCK.JK,80.0,80.33333333333333,80.8,82.2,82.85,87.16,89.82,7.159999999999997,2.1457540971883633,230500,False,False
LPGI.JK,80.0,80.33333333333333,80.8,82.2,82.85,87.16,89.82,7.159999999999997,2.1457540971883633,230500,False,False
LPKR.JK,675.0,676.6666666666666,678.0,685.5,698.25,711.7,712.65,7.340000000000009,2.174879768224711,3700,False,False
LPLI.JK,675.0,676.6666666666666,678.0,685.5,698.25,711.7,712.65,7.340000000000009,2.174879768224711,3700,False,False
LPPF.JK,675.0,676.6666666666666,678.0,685.5,698.25,711.7,712.65,7.340000000000009,2.174879768224711,3700,False,False
LPPS.JK,675.0,676.6666666666666,678.0,685.5,698.25,711.7,712.65,7.340000000000009,2.174879768224711,3700,False,False
LSIP.JK,800.0,835.0,899.0,947.5,992.25,1101.5,1043.25,60.3,4.817339082167191,328966200,False,False
LTLS.JK,1555.0,1610.0,1684.0,1855.0,1976.0,2498.8,3068.2,188.76000000000005,4.555436218379128,156040600,False,False
LUCK.JK,800.0,835.0,899.0,947.5,992.25,1101.5,1043.25,60.3,4.817339082167191,328966200,False,False
MABA.JK,800.0,835.0,899.0,947.5,992.25,1101.5,1043.25,60.3,4.817339082167191,328966200,False,False
MAPI.JK,800.0,835.0,899.0,947.5,992.25,1101.5,1043.25,60.3,4.817339082167191,328966200,False,False
MAPLF.JK,755.0,753.3333333333334,766.0,812.0,854.0,896.9,927.75,28.71333333333332,2.1073275979014023,12085600,False,False
MASA.JK,755.0,753.3333333333334,766.0,812.0,854.0,896.9,927.75,28.71333333333332,2.1073275979014023,12085600,False,False
MBAP.JK,755.0,753.3333333333334,766.0,812.0,854.0,896.9,927.75,28.71333333333332,2.1073275979014023,12085600,False,False
MBSS.JK,755.0,753.3333333333334,766.0,812.0,854.0,896.9,927.75,28.71333333333332,2.1073275979014023,12085600,False,False
MDKA.JK,3990.0,3966.6666666666665,3972.0,3946.0,3926.0,3905.829765625,3814.8503076171874,8.417023437499983,0.9244705040165271,513900,False,False
MDLN.JK,3990.0,3966.6666666666665,3972.0,3946.0,3926.0,3905.829765625,3814.8503076171874,8.417023437499983,0.9244705040165271,513900,False,False
MDRN.JK,3990.0,3966.6666666666665,3972.0,3946.0,3926.0,3905.829765625,3814.8503076171874,8.417023437499983,0.9244705040165271,513900,False,False
MEDC.JK,3990.0,3966.6666666666665,3972.0,3946.0,3926.0,3905.829765625,3814.8503076171874,8.417023437499983,0.9244705040165271,513900,False,False
MFMI.JK,133.0,133.33333333333334,135.2,141.6,143.9,151.16,158.98,18.159999999999997,2.261049807470497,81194300,False,False
MGRO.JK,133.0,133.33333333333334,135.2,141.6,143.9,151.16,158.98,18.159999999999997,2.261049807470497,81194300,False,False
MICE.JK,133.0,133.33333333333334,135.2,141.6,143.9,151.16,158.98,18.159999999999997,2.261049807470497,81194300,False,False
MIDI.JK,133.0,133.33333333333334,135.2,141.6,143.9,151.16,158.98,18.159999999999997,2.261049807470497,81194300,False,False
MKNT.JK,230.0,234.66666666666666,240.8,256.0,261.3,326.04,264.46,48.02000000000001,3.5616140208415783,3885133200,False,False
MKPI.JK,230.0,234.66666666666666,240.8,256.0,261.3,326.04,264.46,48.02000000000001,3.5616140208415783,3885133200,False,False
MLBI.JK,214.0,214.0,215.2,219.0,217.5,218.0,217.22580932617188,2.5,1.8662253332809877,58700,True,False
MLPL.JK,230.0,234.66666666666666,240.8,256.0,261.3,326.04,264.46,48.02000000000001,3.5616140208415783,3885133200,False,False
MNCN.JK,230.0,234.66666666666666,240.8,256.0,261.3,326.04,264.46,48.02000000000001,3.5616140208415783,3885133200,False,False
MOLI.JK,1065.0,1080.0,1140.0,1313.0,1276.75,1428.0,1240.3723046875,72.6,10.11739348703371,170346100,False,False
MPPA.JK,1065.0,1080.0,1140.0,1313.0,1276.75,1428.0,1240.3723046875,72.6,10.11739348703371,170346100,False,False
MPRO.JK,444.0,465.3333333333333,472.8,497.9,475.25,496.62,380.98,26.94999999999999,4.667536878138212,383908800,False,False
MRAT.JK,1065.0,1080.0,1140.0,1313.0,1276.75,1428.0,1240.3723046875,72.6,10.11739348703371,170346100,False,False
MSKY.JK,1065.0,1080.0,1140.0,1313.0,1276.75,1428.0,1240.3723046875,72.6,10.11739348703371,170346100,False,False
MTDL.JK,131.0,130.0,131.0,135.8,135.0,141.14,147.03,11.139999999999986,3.04020622267669,47266500,False,False
MTEL.JK,131.0,130.0,131.0,135.8,135.0,141.14,147.03,11.139999999999986,3.04020622267669,47266500,False,False
MTLA.JK,1605.0,1623.3333333333333,1626.0,1650.0,1684.75,1480.6,1339.0309094238282,40.83000000000002,4.029230964602257,717000,False,False
MTOR.JK,131.0,130.0,131.0,135.8,135.0,141.14,147.03,11.139999999999986,3.04020622267669,47266500,False,False
MTRA.JK,131.0,130.0,131.0,135.8,135.0,141.14,147.03,11.139999999999986,3.04020622267669,47266500,False,False
MTWI.JK,164.0,162.66666666666666,164.6,168.8,171.3,177.8,177.77,15.133333333333354,2.187035762574323,1712100,False,False
MYOH.JK,164.0,162.66666666666666,164.6,168.8,171.3,177.8,177.77,15.133333333333354,2.187035762574323,1712100,False,False
NAGA.JK,164.0,162.66666666666666,164.6,168.8,171.3,177.8,177.77,15.133333333333354,2.187035762574323,1712100,False,False
NASI.JK,164.0,162.66666666666666,164.6,168.8,171.3,177.8,177.77,15.133333333333354,2.187035762574323,1712100,False,False
NISP.JK,103.0,105.0,105.4,107.2,99.9,110.7,119.82,10.799999999999997,11.725984317897147,11563500,False,False
NKPI.JK,103.0,105.0,105.4,107.2,99.9,110.7,119.82,10.799999999999997,11.725984317897147,11563500,False,False
NOBU.JK,103.0,105.0,105.4,107.2,99.9,110.7,119.82,10.799999999999997,11.725984317897147,11563500,False,False
NPGF.JK,103.0,105.0,105.4,107.2,99.9,110.7,119.82,10.799999999999997,11.725984317897147,11563500,False,False
NSSS.JK,208.0,207.33333333333334,209.6,214.2,216.5,215.8,215.74,4.583333333333329,1.5832859888679485,659900,True,False
NTBK.JK,208.0,207.33333333333334,209.6,214.2,216.5,215.8,215.74,4.583333333333329,1.5832859888679485,659900,True,False
NWPI.JK,176.0,161.33333333333334,157.6,156.6,153.1,137.68,122.92,38.31999999999999,5.557415358575935,16540700,False,False
OASA.JK,176.0,161.33333333333334,157.6,156.6,153.1,137.68,122.92,38.31999999999999,5.557415358575935,16540700,False,False
OBMD.JK,176.0,161.33333333333334,157.6,156.6,153.1,137.68,122.92,38.31999999999999,5.557415358575935,16540700,False,False
OCAP.JK,50.0,50.0,50.0,50.0,50.0,50.0,50.0,0.0,0.0,0,True,False
OILS.JK,50.0,50.0,50.0,50.0,50.0,50.0,50.0,0.0,0.0,0,True,False
OMRE.JK,262.0,256.0,263.6,288.6,303.7,326.88,338.26,35.44,4.812114840103296,248400,False,False
OPMS.JK,2350.0,2333.3333333333335,2344.0,2368.0,2367.0,2395.2,2446.5,6.186666666666634,0.8729526287182278,14500,False,False
PBID.JK,2350.0,2333.3333333333335,2344.0,2368.0,2367.0,2395.2,2446.5,6.186666666666634,0.8729526287182278,14500,False,False
PBRX.JK,262.0,256.0,263.6,288.6,303.7,326.88,338.26,35.44,4.812114840103296,248400,False,False
PCAR.JK,2350.0,2333.3333333333335,2344.0,2368.0,2367.0,2395.2,2446.5,6.186666666666634,0.8729526287182278,14500,False,False
PDES.JK,2350.0,2333.3333333333335,2344.0,2368.0,2367.0,2395.2,2446.5,6.186666666666634,0.8729526287182278,14500,False,False
PGEO.JK,330.0,327.3333333333333,329.2,332.6,328.4,328.52,324.4,2.633333333333354,2.221846833149553,1327500,True,True
PGAS.JK,330.0,327.3333333333333,329.2,332.6,328.4,328.52,324.4,2.633333333333354,2.221846833149553,1327500,True,True
PGJO.JK,330.0,327.3333333333333,329.2,332.6,328.4,328.52,324.4,2.633333333333354,2.221846833149553,1327500,True,True
PGLI.JK,330.0,327.3333333333333,329.2,332.6,328.4,328.52,324.4,2.633333333333354,2.221846833149553,1327500,True,True
PGUN.JK,170.0,168.66666666666666,181.0,205.1,213.3,278.24,244.43,109.57333333333335,5.020378908045753,495700,False,False
PICO.JK,170.0,168.66666666666666,181.0,205.1,213.3,278.24,244.43,109.57333333333335,5.020378908045753,495700,False,False
PJAA.JK,170.0,168.66666666666666,181.0,205.1,213.3,278.24,244.43,109.57333333333335,5.020378908045753,495700,False,False
PKPK.JK,170.0,168.66666666666666,181.0,205.1,213.3,278.24,244.43,109.57333333333335,5.020378908045753,495700,False,False
PLIN.JK,199.0,202.33333333333334,203.8,206.1,206.55,209.18,195.23,10.180000000000007,1.167177048399309,81000,False,False
PMMP.JK,199.0,202.33333333333334,203.8,206.1,206.55,209.18,195.23,10.180000000000007,1.167177048399309,81000,False,False
PMJS.JK,199.0,202.33333333333334,203.8,206.1,206.55,209.18,195.23,10.180000000000007,1.167177048399309,81000,False,False
PNBN.JK,199.0,202.33333333333334,203.8,206.1,206.55,209.18,195.23,10.180000000000007,1.167177048399309,81000,False,False
PNBS.JK,402.0,400.0,398.0,404.0,401.7,428.28,470.95,15.139999999999986,3.781043295555105,2532200,False,False
PNIN.JK,402.0,400.0,398.0,404.0,401.7,428.28,470.95,15.139999999999986,3.781043295555105,2532200,False,False
PNLF.JK,402.0,400.0,398.0,404.0,401.7,428.28,470.95,15.139999999999986,3.781043295555105,2532200,False,False
PODR.JK,402.0,400.0,398.0,404.0,401.7,428.28,470.95,15.139999999999986,3.781043295555105,2532200,False,False
POLI.JK,1560.0,1560.0,1568.0,1584.5,1568.25,1545.0,1489.0,7.9,1.9638184919988588,70400,False,False
POLL.JK,1560.0,1560.0,1568.0,1584.5,1568.25,1545.0,1489.0,7.9,1.9638184919988588,70400,False,False
POLY.JK,1560.0,1560.0,1568.0,1584.5,1568.25,1545.0,1489.0,7.9,1.9638184919988588,70400,False,False
POOL.JK,1560.0,1560.0,1568.0,1584.5,1568.25,1545.0,1489.0,7.9,1.9638184919988588,70400,False,False
PORT.JK,84.0,83.0,86.2,90.7,91.8,93.82,95.56,10.819999999999993,4.92960100471975,45500,False,False
POSA.JK,84.0,83.0,86.2,90.7,91.8,93.82,95.56,10.819999999999993,4.92960100471975,45500,False,False
PPRE.JK,84.0,83.0,86.2,90.7,91.8,93.82,95.56,10.819999999999993,4.92960100471975,45500,False,False
PPRO.JK,84.0,83.0,86.2,90.7,91.8,93.82,95.56,10.819999999999993,4.92960100471975,45500,False,False
PTBA.JK,1450.0,1421.6666666666667,1413.0,1417.5,1408.75,1491.5,1411.5,16.55,2.058789149222375,281600,False,False
PTIS.JK,1450.0,1421.6666666666667,1413.0,1417.5,1408.75,1491.5,1411.5,16.55,2.058789149222375,281600,False,False
PTMP.JK,1450.0,1421.6666666666667,1413.0,1417.5,1408.75,1491.5,1411.5,16.55,2.058789149222375,281600,False,False
PTPP.JK,1450.0,1421.6666666666667,1413.0,1417.5,1408.75,1491.5,1411.5,16.55,2.058789149222375,281600,False,False
PTRO.JK,665.0,675.0,669.0,716.5,751.25,795.6,783.15,26.120000000000005,5.297417575625403,4337500,False,False
PTSP.JK,665.0,675.0,669.0,716.5,751.25,795.6,783.15,26.120000000000005,5.297417575625403,4337500,False,False
PUDP.JK,665.0,675.0,669.0,716.5,751.25,795.6,783.15,26.120000000000005,5.297417575625403,4337500,False,False
PURE.JK,665.0,675.0,669.0,716.5,751.25,795.6,783.15,26.120000000000005,5.297417575625403,4337500,False,False
PWON.JK,67.0,61.333333333333336,61.6,65.1,63.45,65.98,67.3,5.666666666666664,6.651829442555022,44041800,False,False
PYFA.JK,67.0,61.333333333333336,61.6,65.1,63.45,65.98,67.3,5.666666666666664,6.651829442555022,44041800,False,False
RAAM.JK,67.0,61.333333333333336,61.6,65.1,63.45,65.98,67.3,5.666666666666664,6.651829442555022,44041800,False,False
RANC.JK,67.0,61.333333333333336,61.6,65.1,63.45,65.98,67.3,5.666666666666664,6.651829442555022,44041800,False,False
RBMS.JK,330.0,324.0,337.6,323.4,309.4,341.72,359.84,16.160000000000025,8.342984832331462,5102200,False,False
RCCC.JK,330.0,324.0,337.6,323.4,309.4,341.72,359.84,16.160000000000025,8.342984832331462,5102200,False,False
RELI.JK,330.0,324.0,337.6,323.4,309.4,341.72,359.84,16.160000000000025,8.342984832331462,5102200,False,False
RICY.JK,330.0,324.0,337.6,323.4,309.4,341.72,359.84,16.160000000000025,8.342984832331462,5102200,False,False
RIGS.JK,57.0,57.666666666666664,58.8,61.7,63.2,66.6,64.67,9.599999999999994,2.4658720880832563,74801900,False,False
RISE.JK,57.0,57.666666666666664,58.8,61.7,63.2,66.6,64.67,9.599999999999994,2.4658720880832563,74801900,False,False
RMBA.JK,57.0,57.666666666666664,58.8,61.7,63.2,66.6,64.67,9.599999999999994,2.4658720880832563,74801900,False,False
ROTI.JK,57.0,57.666666666666664,58.8,61.7,63.2,66.6,64.67,9.599999999999994,2.4658720880832563,74801900,False,False
RUIS.JK,175.0,175.0,187.0,209.3,228.25,280.60139221191406,305.29842498779294,105.60139221191406,5.158003169224166,4532500,False,False
RUNS.JK,175.0,175.0,187.0,209.3,228.25,280.60139221191406,305.29842498779294,105.60139221191406,5.158003169224166,4532500,False,False
SAFE.JK,175.0,175.0,187.0,209.3,228.25,280.60139221191406,305.29842498779294,105.60139221191406,5.158003169224166,4532500,False,False
SAME.JK,175.0,175.0,187.0,209.3,228.25,280.60139221191406,305.29842498779294,105.60139221191406,5.158003169224166,4532500,False,False
SAPX.JK,90.0,93.0,96.0,106.2,118.95,162.8,219.78,72.80000000000001,3.901237149730626,1234400,False,False
SCCO.JK,5900.0,5825.0,5945.0,5997.5,6010.0,6173.5,5917.3,13.94,2.530654443872657,2900,False,False
SCMA.JK,90.0,93.0,96.0,106.2,118.95,162.8,219.78,72.80000000000001,3.901237149730626,1234400,False,False
SDMU.JK,90.0,93.0,96.0,106.2,118.95,162.8,219.78,72.80000000000001,3.901237149730626,1234400,False,False
SDRA.JK,5900.0,5825.0,5945.0,5997.5,6010.0,6173.5,5917.3,13.94,2.530654443872657,2900,False,False
SEMA.JK,5900.0,5825.0,5945.0,5997.5,6010.0,6173.5,5917.3,13.94,2.530654443872657,2900,False,False
SFAN.JK,5900.0,5825.0,5945.0,5997.5,6010.0,6173.5,5917.3,13.94,2.530654443872657,2900,False,False
SGRO.JK,710.0,716.6666666666666,727.0,758.5,796.5,834.2,857.55,24.84000000000001,1.6369247663653643,23181800,False,False
SIDO.JK,710.0,716.6666666666666,727.0,758.5,796.5,834.2,857.55,24.84000000000001,1.6369247663653643,23181800,False,False
SILO.JK,710.0,716.6666666666666,727.0,758.5,796.5,834.2,857.55,24.84000000000001,1.6369247663653643,23181800,False,False
SIMP.JK,710.0,716.6666666666666,727.0,758.5,796.5,834.2,857.55,24.84000000000001,1.6369247663653643,23181800,False,False
SINI.JK,151.0,153.0,155.8,162.7,168.3,180.9,177.69,29.900000000000006,2.642060248788273,91600,False,False
SIPD.JK,151.0,153.0,155.8,162.7,168.3,180.9,177.69,29.900000000000006,2.642060248788273,91600,False,False
SKBM.JK,151.0,153.0,155.8,162.7,168.3,180.9,177.69,29.900000000000006,2.642060248788273,91600,False,False
SKLT.JK,151.0,153.0,155.8,162.7,168.3,180.9,177.69,29.900000000000006,2.642060248788273,91600,False,False
SKYB.JK,72.0,74.0,76.2,74.9,75.65,82.18,79.19,10.180000000000007,4.310909538084312,80021500,False,False
SLCO.JK,72.0,74.0,76.2,74.9,75.65,82.18,79.19,10.180000000000007,4.310909538084312,80021500,False,False
SLIS.JK,72.0,74.0,76.2,74.9,75.65,82.18,79.19,10.180000000000007,4.310909538084312,80021500,False,False
SMCB.JK,72.0,74.0,76.2,74.9,75.65,82.18,79.19,10.180000000000007,4.310909538084312,80021500,False,False
SMDM.JK,205000.0,202033.33333333334,207035.0,211415.0,216611.25,218142.5,239123.75,644.3666666666663,2.2187589082323167,1300,False,False
SMDR.JK,205000.0,202033.33333333334,207035.0,211415.0,216611.25,218142.5,239123.75,644.3666666666663,2.2187589082323167,1300,False,False
SMGR.JK,205000.0,202033.33333333334,207035.0,211415.0,216611.25,218142.5,239123.75,644.3666666666663,2.2187589082323167,1300,False,False
SMIL.JK,205000.0,202033.33333333334,207035.0,211415.0,216611.25,218142.5,239123.75,644.3666666666663,2.2187589082323167,1300,False,False
SMMA.JK,955.0,983.3333333333334,1002.0,1085.5,1182.0,1240.7,1276.65,57.14000000000001,2.0018913032843986,236700,False,False
SMMT.JK,3620.0,3656.6666666666665,3782.0,4070.0,4237.5,4389.4,4578.9,76.93999999999997,3.6636549715580524,14689200,False,False
SMRA.JK,955.0,983.3333333333334,1002.0,1085.5,1182.0,1240.7,1276.65,57.14000000000001,2.0018913032843986,236700,False,False
SMSM.JK,955.0,983.3333333333334,1002.0,1085.5,1182.0,1240.7,1276.65,57.14000000000001,2.0018913032843986,236700,False,False
SNLK.JK,3620.0,3656.6666666666665,3782.0,4070.0,4237.5,4389.4,4578.9,76.93999999999997,3.6636549715580524,14689200,False,False
SOCI.JK,3620.0,3656.6666666666665,3782.0,4070.0,4237.5,4389.4,4578.9,76.93999999999997,3.6636549715580524,14689200,False,False
SOHO.JK,3620.0,3656.6666666666665,3782.0,4070.0,4237.5,4389.4,4578.9,76.93999999999997,3.6636549715580524,14689200,False,False
SONA.JK,95.0,96.33333333333333,97.8,102.9,106.7,108.02,96.63,13.019999999999996,3.413487420400256,3804500,False,False
SPMA.JK,95.0,96.33333333333333,97.8,102.9,106.7,108.02,96.63,13.019999999999996,3.413487420400256,3804500,False,False
SQMI.JK,95.0,96.33333333333333,97.8,102.9,106.7,108.02,96.63,13.019999999999996,3.413487420400256,3804500,False,False
SRAJ.JK,95.0,96.33333333333333,97.8,102.9,106.7,108.02,96.63,13.019999999999996,3.413487420400256,3804500,False,False
SRSN.JK,378.0,392.6666666666667,406.0,403.2,395.4,395.0,354.2,14.0,3.9000341601078348,72706700,False,False
SRTG.JK,378.0,392.6666666666667,406.0,403.2,395.4,395.0,354.2,14.0,3.9000341601078348,72706700,False,False
SSMS.JK,378.0,392.6666666666667,406.0,403.2,395.4,395.0,354.2,14.0,3.9000341601078348,72706700,False,False
SSIA.JK,378.0,392.6666666666667,406.0,403.2,395.4,395.0,354.2,14.0,3.9000341601078348,72706700,False,False
SSSS.JK,122.0,123.0,124.2,128.0,131.45,148.46,130.0,26.460000000000008,2.196217273479443,2196400,False,False
SSTM.JK,122.0,123.0,124.2,128.0,131.45,148.46,130.0,26.460000000000008,2.196217273479443,2196400,False,False
STAA.JK,122.0,123.0,124.2,128.0,131.45,148.46,130.0,26.460000000000008,2.196217273479443,2196400,False,False
STAR.JK,122.0,123.0,124.2,128.0,131.45,148.46,130.0,26.460000000000008,2.196217273479443,2196400,False,False
STTP.JK,130.0,130.0,131.6,137.6,140.3,142.6,137.89,12.599999999999994,2.360367693599103,25765700,False,False
SULI.JK,130.0,130.0,131.6,137.6,140.3,142.6,137.89,12.599999999999994,2.360367693599103,25765700,False,False
SWAT.JK,130.0,130.0,131.6,137.6,140.3,142.6,137.89,12.599999999999994,2.360367693599103,25765700,False,False
TALF.JK,130.0,130.0,131.6,137.6,140.3,142.6,137.89,12.599999999999994,2.360367693599103,25765700,False,False
TAMA.JK,133.0,132.0,132.6,134.6,135.45,134.96,133.73,3.4499999999999886,1.4140516168402701,30264300,True,False
TAPG.JK,133.0,132.0,132.6,134.6,135.45,134.96,133.73,3.4499999999999886,1.4140516168402701,30264300,True,False
TARA.JK,133.0,132.0,132.6,134.6,135.45,134.96,133.73,3.4499999999999886,1.4140516168402701,30264300,True,False
TBIG.JK,745.0,758.3333333333334,776.0,818.5,829.25,837.4,789.1848083496094,18.479999999999997,4.714272771571582,7121400,False,False
TBLA.JK,745.0,758.3333333333334,776.0,818.5,829.25,837.4,789.1848083496094,18.479999999999997,4.714272771571582,7121400,False,False
TELE.JK,745.0,758.3333333333334,776.0,818.5,829.25,837.4,789.1848083496094,18.479999999999997,4.714272771571582,7121400,False,False
TFCO.JK,745.0,758.3333333333334,776.0,818.5,829.25,837.4,789.1848083496094,18.479999999999997,4.714272771571582,7121400,False,False
TGKA.JK,310.0,310.0,310.0,310.0,310.0,310.0,308.4,0.0,0.0,0,True,False
TIRA.JK,250.0,253.33333333333334,257.2,276.6,288.2,321.92,352.52,35.96000000000001,4.339142361145735,650600,False,False
TLKM.JK,75400.0,75350.0,76710.0,80060.0,85751.25,95876.0,98353.0,821.04,2.070712068702874,2268800,False,False
TMPI.JK,310.0,310.0,310.0,310.0,310.0,310.0,308.4,0.0,0.0,0,True,False
TOBA.JK,75400.0,75350.0,76710.0,80060.0,85751.25,95876.0,98353.0,821.04,2.070712068702874,2268800,False,False
TOPS.JK,75400.0,75350.0,76710.0,80060.0,85751.25,95876.0,98353.0,821.04,2.070712068702874,2268800,False,False
TOTL.JK,75400.0,75350.0,76710.0,80060.0,85751.25,95876.0,98353.0,821.04,2.070712068702874,2268800,False,False
TOWR.JK,234.0,234.66666666666666,232.8,240.0,245.4,281.88,364.32,24.539999999999992,2.217544372732081,647700,False,False
TPIA.JK,234.0,234.66666666666666,232.8,240.0,245.4,281.88,364.32,24.539999999999992,2.217544372732081,647700,False,False
TPMA.JK,234.0,234.66666666666666,232.8,240.0,245.4,281.88,364.32,24.539999999999992,2.217544372732081,647700,False,False
TRIM.JK,234.0,234.66666666666666,232.8,240.0,245.4,281.88,364.32,24.539999999999992,2.217544372732081,647700,False,False
TRIN.JK,3850.0,3900.0,3948.0,4035.0,4091.5,4172.4,4223.4,32.23999999999997,1.5138607666760606,6400,False,False
TRIO.JK,85.0,84.66666666666667,85.4,87.2,87.35,89.8,89.09,5.133333333333326,3.4035527397035388,899300,True,False
TRIS.JK,85.0,84.66666666666667,85.4,87.2,87.35,89.8,89.09,5.133333333333326,3.4035527397035388,899300,True,False
TRST.JK,3850.0,3900.0,3948.0,4035.0,4091.5,4172.4,4223.4,32.23999999999997,1.5138607666760606,6400,False,False
TRUS.JK,1615.0,1616.6666666666667,1617.0,1637.5,1645.75,1652.8,1647.2983911132812,7.559999999999991,0.9332366407473515,16600,False,False
TSPC.JK,1615.0,1616.6666666666667,1617.0,1637.5,1645.75,1652.8,1647.2983911132812,7.559999999999991,0.9332366407473515,16600,False,False
TURI.JK,1615.0,1616.6666666666667,1617.0,1637.5,1645.75,1652.8,1647.2983911132812,7.559999999999991,0.9332366407473515,16600,False,False
UANG.JK,1615.0,1616.6666666666667,1617.0,1637.5,1645.75,1652.8,1647.2983911132812,7.559999999999991,0.9332366407473515,16600,False,False
UNIC.JK,4790.0,4790.0,4790.0,4790.0,4805.5,4678.3,4621.95,12.719999999999981,0.0,0,False,False
UNIT.JK,4790.0,4790.0,4790.0,4790.0,4805.5,4678.3,4621.95,12.719999999999981,0.0,0,False,False
UNSP.JK,4790.0,4790.0,4790.0,4790.0,4805.5,4678.3,4621.95,12.719999999999981,0.0,0,False,False
UNTR.JK,185.0,183.33333333333334,183.4,186.7,186.25,186.62,186.28,3.366666666666646,1.9739856252274708,214600,True,False
UNVR.JK,185.0,183.33333333333334,183.4,186.7,186.25,186.62,186.28,3.366666666666646,1.9739856252274708,214600,True,False
URBN.JK,185.0,183.33333333333334,183.4,186.7,186.25,186.62,186.28,3.366666666666646,1.9739856252274708,214600,True,False
UVCR.JK,185.0,183.33333333333334,183.4,186.7,186.25,186.62,186.28,3.366666666666646,1.9739856252274708,214600,True,False
VICO.JK,850.0,861.6666666666666,905.0,865.0,811.25,661.96,585.07,48.60799999999999,7.209749111708271,341138400,False,False
VINS.JK,850.0,861.6666666666666,905.0,865.0,811.25,661.96,585.07,48.60799999999999,7.209749111708271,341138400,False,False
VIVA.JK,850.0,861.6666666666666,905.0,865.0,811.25,661.96,585.07,48.60799999999999,7.209749111708271,341138400,False,False
VKTR.JK,850.0,861.6666666666666,905.0,865.0,811.25,661.96,585.07,48.60799999999999,7.209749111708271,341138400,False,False
WAPO.JK,44.0,45.666666666666664,48.0,48.4,46.0,53.96,39.39,9.96,6.676126643180849,283135800,False,False
WEGE.JK,44.0,45.666666666666664,48.0,48.4,46.0,53.96,39.39,9.96,6.676126643180849,283135800,False,False
WICO.JK,44.0,45.666666666666664,48.0,48.4,46.0,53.96,39.39,9.96,6.676126643180849,283135800,False,False
WIFI.JK,44.0,45.666666666666664,48.0,48.4,46.0,53.96,39.39,9.96,6.676126643180849,283135800,False,False
WIIM.JK,735.0,761.6666666666666,787.0,856.0,889.5,986.0,1127.3618627929689,50.2,2.8638201224846016,35679800,False,False
WINS.JK,735.0,761.6666666666666,787.0,856.0,889.5,986.0,1127.3618627929689,50.2,2.8638201224846016,35679800,False,False
WIRA.JK,735.0,761.6666666666666,787.0,856.0,889.5,986.0,1127.3618627929689,50.2,2.8638201224846016,35679800,False,False
WISBK.JK,735.0,761.6666666666666,787.0,856.0,889.5,986.0,1127.3618627929689,50.2,2.8638201224846016,35679800,False,False
WLZK.JK,50.0,50.0,50.0,50.0,50.0,50.0,50.0,0.0,0.0,0,True,False
WMUU.JK,50.0,50.0,50.0,50.0,50.0,50.0,50.0,0.0,0.0,0,True,False
WOMF.JK,50.0,50.0,50.0,50.0,50.0,50.0,50.0,0.0,0.0,0,True,False
WOOD.JK,50.0,50.0,50.0,50.0,50.0,50.0,50.0,0.0,0.0,0,True,False
WTON.JK,4270.0,4233.333333333333,4260.0,4361.0,4431.0,4414.2,4350.4,19.766666666666698,1.8499702216389906,47786400,False,False
WSBP.JK,400.0,407.3333333333333,416.8,423.8,423.0,413.76,416.52,11.900000000000006,2.158344268306514,55865900,False,False
WSKT.JK,4270.0,4233.333333333333,4260.0,4361.0,4431.0,4414.2,4350.4,19.766666666666698,1.8499702216389906,47786400,False,False
YPAS.JK,4270.0,4233.333333333333,4260.0,4361.0,4431.0,4414.2,4350.4,19.766666666666698,1.8499702216389906,47786400,False,False
YULE.JK,4270.0,4233.333333333333,4260.0,4361.0,4431.0,4414.2,4350.4,19.766666666666698,1.8499702216389906,47786400,False,False
ZBRA.JK,1885.0,1720.0,1575.0,1282.0,999.5,702.76,522.53,236.448,0.1746273308586537,9626500,False,False
ZINC.JK,1885.0,1720.0,1575.0,1282.0,999.5,702.76,522.53,236.448,0.1746273308586537,9626500,False,False
